{"textures":{"0":"modelengine:entity/teletubbies"},"elements":[{"from":[9.333333,23.528595,5.333667],"to":[10.747547,24.195263,10.666334],"faces":{"east":{"uv":[13.25,0.0,15.25,0.25],"tintindex":0,"rotation":0,"texture":"#0"},"south":{"uv":[9.625,2.625,10.125,2.875],"tintindex":0,"rotation":0,"texture":"#0"},"north":{"uv":[8.75,9.375,9.25,9.625],"tintindex":0,"rotation":0,"texture":"#0"},"west":{"uv":[13.25,0.25,15.25,0.5],"tintindex":0,"rotation":0,"texture":"#0"},"up":{"uv":[4.625,13.375,4.125,11.375],"tintindex":0,"rotation":0,"texture":"#0"},"down":{"uv":[5.125,11.375,4.625,13.375],"tintindex":0,"rotation":0,"texture":"#0"}},"rotation":{"origin":[9.666667,23.861929,5.6666665],"angle":-45.0,"axis":"z"}}],"display":{"gui":{"rotation":[30,225,0]}}}