{"textures":{"1":"modelengine:entity/spiderqueen"},"elements":[{"from":[4.001,6.767769,8.353554],"to":[11.999001,9.767769,11.353554],"faces":{"east":{"uv":[11.0,11.25,11.1875,11.4375],"tintindex":0,"rotation":0,"texture":"#1"},"south":{"uv":[11.625,6.9375,12.125,7.125],"tintindex":0,"rotation":0,"texture":"#1"},"north":{"uv":[11.625,5.5,12.125,5.6875],"tintindex":0,"rotation":0,"texture":"#1"},"west":{"uv":[0.0,11.9375,0.1875,12.125],"tintindex":0,"rotation":0,"texture":"#1"},"up":{"uv":[12.125,7.3125,11.625,7.125],"tintindex":0,"rotation":0,"texture":"#1"},"down":{"uv":[12.125,7.3125,11.625,7.5],"tintindex":0,"rotation":0,"texture":"#1"}}}],"display":{"gui":{"rotation":[30,225,0]}}}