{"textures":{"0":"modelengine:entity/bluebuff"},"elements":[{"from":[4.5,8.0,4.5],"to":[11.5,15.0,11.5],"faces":{"east":{"uv":[11.666667,3.777778,12.444445,4.555556],"tintindex":0,"rotation":0,"texture":"#0"},"south":{"uv":[4.888889,11.666667,5.6666665,12.444445],"tintindex":0,"rotation":0,"texture":"#0"},"north":{"uv":[9.222222,11.555555,10.0,12.333333],"tintindex":0,"rotation":0,"texture":"#0"},"west":{"uv":[5.6666665,11.666667,6.4444447,12.444445],"tintindex":0,"rotation":0,"texture":"#0"},"up":{"uv":[1.5555556,12.666667,0.7777778,11.888889],"tintindex":0,"rotation":0,"texture":"#0"},"down":{"uv":[2.3333333,11.888889,1.5555556,12.666667],"tintindex":0,"rotation":0,"texture":"#0"}}}],"display":{"gui":{"rotation":[30,225,0]}}}