{"textures":{"0":"modelengine:entity/bluebuff"},"elements":[{"from":[3.25,5.0,4.0],"to":[11.25,13.0,12.0],"faces":{"east":{"uv":[2.8888888,11.0,3.777778,11.888889],"tintindex":0,"rotation":0,"texture":"#0"},"south":{"uv":[11.0,6.111111,11.888889,7.0],"tintindex":0,"rotation":0,"texture":"#0"},"north":{"uv":[2.0,11.0,2.8888888,11.888889],"tintindex":0,"rotation":0,"texture":"#0"},"west":{"uv":[11.111112,2.2222223,12.0,3.1111112],"tintindex":0,"rotation":0,"texture":"#0"},"up":{"uv":[12.0,6.111111,11.111112,5.2222223],"tintindex":0,"rotation":0,"texture":"#0"},"down":{"uv":[12.0,10.555555,11.111112,11.444445],"tintindex":0,"rotation":0,"texture":"#0"}}}],"display":{"gui":{"rotation":[30,225,0]}}}