{"textures":{"0":"modelengine:entity/bluebuff"},"elements":[{"from":[2.0,2.25,3.0],"to":[14.0,8.25,13.0],"faces":{"east":{"uv":[0.8888889,11.222222,2.0,11.888889],"tintindex":0,"rotation":0,"texture":"#0"},"south":{"uv":[10.444445,8.111112,11.777778,8.777778],"tintindex":0,"rotation":0,"texture":"#0"},"north":{"uv":[1.5555556,5.3333335,2.8888888,6.0],"tintindex":0,"rotation":0,"texture":"#0"},"west":{"uv":[11.333333,0.0,12.444445,0.6666667],"tintindex":0,"rotation":0,"texture":"#0"},"up":{"uv":[1.3333334,7.555556,0.0,6.4444447],"tintindex":0,"rotation":0,"texture":"#0"},"down":{"uv":[2.6666667,7.111111,1.3333334,8.222222],"tintindex":0,"rotation":0,"texture":"#0"}}},{"from":[4.0,0.25,2.0],"to":[12.0,2.25,3.0],"faces":{"east":{"uv":[2.8888888,4.6666665,3.0,4.888889],"tintindex":0,"rotation":0,"texture":"#0"},"south":{"uv":[12.777778,10.666667,13.666667,10.888889],"tintindex":0,"rotation":0,"texture":"#0"},"north":{"uv":[12.777778,10.444445,13.666667,10.666667],"tintindex":0,"rotation":0,"texture":"#0"},"west":{"uv":[3.0,4.6666665,3.1111112,4.888889],"tintindex":0,"rotation":0,"texture":"#0"},"up":{"uv":[7.888889,13.222222,7.0,13.111112],"tintindex":0,"rotation":0,"texture":"#0"},"down":{"uv":[8.777778,13.111112,7.888889,13.222222],"tintindex":0,"rotation":0,"texture":"#0"}}},{"from":[3.0,-0.75,3.0],"to":[13.0,2.25,13.0],"faces":{"east":{"uv":[12.444445,6.888889,13.555555,7.2222223],"tintindex":0,"rotation":0,"texture":"#0"},"south":{"uv":[12.444445,7.2222223,13.555555,7.555556],"tintindex":0,"rotation":0,"texture":"#0"},"north":{"uv":[5.3333335,12.444445,6.4444447,12.777778],"tintindex":0,"rotation":0,"texture":"#0"},"west":{"uv":[12.444445,7.555556,13.555555,7.888889],"tintindex":0,"rotation":0,"texture":"#0"},"up":{"uv":[2.2222223,9.333333,1.1111112,8.222222],"tintindex":0,"rotation":0,"texture":"#0"},"down":{"uv":[6.0,8.333333,4.888889,9.444445],"tintindex":0,"rotation":0,"texture":"#0"}}},{"from":[3.0,2.25,2.0],"to":[13.0,8.25,3.0],"faces":{"east":{"uv":[2.0,10.333333,2.1111112,11.0],"tintindex":0,"rotation":0,"texture":"#0"},"south":{"uv":[3.777778,11.333333,4.888889,12.0],"tintindex":0,"rotation":0,"texture":"#0"},"north":{"uv":[11.333333,0.6666667,12.444445,1.3333334],"tintindex":0,"rotation":0,"texture":"#0"},"west":{"uv":[3.4444444,13.111112,3.5555556,13.777778],"tintindex":0,"rotation":0,"texture":"#0"},"up":{"uv":[14.111112,5.0,13.0,4.888889],"tintindex":0,"rotation":0,"texture":"#0"},"down":{"uv":[14.111112,5.0,13.0,5.111111],"tintindex":0,"rotation":0,"texture":"#0"}}},{"from":[-6.75,4.25,3.25],"to":[22.75,8.0,12.75],"faces":{"east":{"uv":[8.777778,12.333333,9.833333,12.777778],"tintindex":0,"rotation":0,"texture":"#0"},"south":{"uv":[4.888889,7.111111,8.166667,7.555556],"tintindex":0,"rotation":0,"texture":"#0"},"north":{"uv":[6.6666665,2.6666667,9.944445,3.1111112],"tintindex":0,"rotation":0,"texture":"#0"},"west":{"uv":[12.333333,12.111112,13.388889,12.555555],"tintindex":0,"rotation":0,"texture":"#0"},"up":{"uv":[6.611111,2.1666667,3.3333333,1.1111112],"tintindex":0,"rotation":0,"texture":"#0"},"down":{"uv":[6.611111,2.2222223,3.3333333,3.277778],"tintindex":0,"rotation":0,"texture":"#0"}}},{"from":[4.5,1.25,1.0],"to":[11.5,8.25,2.0],"faces":{"east":{"uv":[2.1111112,9.333333,2.2222223,10.111112],"tintindex":0,"rotation":0,"texture":"#0"},"south":{"uv":[0.0,11.555555,0.7777778,12.333333],"tintindex":0,"rotation":0,"texture":"#0"},"north":{"uv":[6.0,8.333333,6.7777777,9.111112],"tintindex":0,"rotation":0,"texture":"#0"},"west":{"uv":[4.6666665,12.777778,4.7777777,13.555555],"tintindex":0,"rotation":0,"texture":"#0"},"up":{"uv":[6.7777777,9.222222,6.0,9.111112],"tintindex":0,"rotation":0,"texture":"#0"},"down":{"uv":[10.0,12.777778,9.222222,12.888889],"tintindex":0,"rotation":0,"texture":"#0"}}}],"display":{"gui":{"rotation":[30,225,0]}}}