{"textures":{"0":"modelengine:entity/bluebuff"},"elements":[{"from":[1.0,4.75,4.75],"to":[8.0,11.25,11.25],"faces":{"east":{"uv":[8.0,12.222222,8.722222,12.944445],"tintindex":0,"rotation":0,"texture":"#0"},"south":{"uv":[10.0,12.111112,10.777778,12.833333],"tintindex":0,"rotation":0,"texture":"#0"},"north":{"uv":[12.0,10.444445,12.777778,11.166667],"tintindex":0,"rotation":0,"texture":"#0"},"west":{"uv":[0.0,12.333333,0.7222222,13.055555],"tintindex":0,"rotation":0,"texture":"#0"},"up":{"uv":[11.555555,12.833333,10.777778,12.111112],"tintindex":0,"rotation":0,"texture":"#0"},"down":{"uv":[12.333333,12.111112,11.555555,12.833333],"tintindex":0,"rotation":0,"texture":"#0"}}},{"from":[-11.0,3.5,3.0],"to":[3.0,13.5,13.0],"faces":{"east":{"uv":[2.2222223,9.0,3.3333333,10.111112],"tintindex":0,"rotation":0,"texture":"#0"},"south":{"uv":[6.0,4.2222223,7.555556,5.3333335],"tintindex":0,"rotation":0,"texture":"#0"},"north":{"uv":[3.1111112,6.0,4.6666665,7.111111],"tintindex":0,"rotation":0,"texture":"#0"},"west":{"uv":[3.3333333,9.0,4.4444447,10.111112],"tintindex":0,"rotation":0,"texture":"#0"},"up":{"uv":[6.2222223,7.111111,4.6666665,6.0],"tintindex":0,"rotation":0,"texture":"#0"},"down":{"uv":[7.7777777,5.3333335,6.2222223,6.4444447],"tintindex":0,"rotation":0,"texture":"#0"}}}],"display":{"gui":{"rotation":[30,225,0]}}}