{"textures":{"0":"modelengine:entity/bluebuff"},"elements":[{"from":[4.0,7.5,4.0],"to":[12.0,8.0,12.0],"faces":{"east":{"uv":[6.555556,13.222222,7.4444447,13.277778],"tintindex":0,"rotation":0,"texture":"#0"},"south":{"uv":[7.4444447,13.222222,8.333333,13.277778],"tintindex":0,"rotation":0,"texture":"#0"},"north":{"uv":[13.111112,10.333333,14.0,10.388889],"tintindex":0,"rotation":0,"texture":"#0"},"west":{"uv":[9.222222,13.222222,10.111112,13.277778],"tintindex":0,"rotation":0,"texture":"#0"},"up":{"uv":[2.0,11.222222,1.1111112,10.333333],"tintindex":0,"rotation":0,"texture":"#0"},"down":{"uv":[5.2222223,10.444445,4.3333335,11.333333],"tintindex":0,"rotation":0,"texture":"#0"}}},{"from":[3.25,1.5,3.25],"to":[12.75,7.5,12.75],"faces":{"east":{"uv":[11.333333,8.777778,12.388889,9.444445],"tintindex":0,"rotation":0,"texture":"#0"},"south":{"uv":[11.333333,9.444445,12.388889,10.111112],"tintindex":0,"rotation":0,"texture":"#0"},"north":{"uv":[11.333333,7.4444447,12.388889,8.111112],"tintindex":0,"rotation":0,"texture":"#0"},"west":{"uv":[10.222222,11.444445,11.277778,12.111112],"tintindex":0,"rotation":0,"texture":"#0"},"up":{"uv":[10.166667,1.0555556,9.111112,0.0],"tintindex":0,"rotation":0,"texture":"#0"},"down":{"uv":[10.166667,1.1111112,9.111112,2.1666667],"tintindex":0,"rotation":0,"texture":"#0"}}}],"display":{"gui":{"rotation":[30,225,0]}}}