{"textures":{"0":"modelengine:entity/bluebuff"},"elements":[{"from":[8.25,-0.5,1.5],"to":[11.25,3.5,3.0],"faces":{"east":{"uv":[3.1111112,3.777778,3.277778,4.2222223],"tintindex":0,"rotation":0,"texture":"#0"},"south":{"uv":[8.222222,9.222222,8.555555,9.666667],"tintindex":0,"rotation":0,"texture":"#0"},"north":{"uv":[9.0,3.5555556,9.333333,4.0],"tintindex":0,"rotation":0,"texture":"#0"},"west":{"uv":[1.1111112,7.555556,1.2777778,8.0],"tintindex":0,"rotation":0,"texture":"#0"},"up":{"uv":[2.5555556,8.388889,2.2222223,8.222222],"tintindex":0,"rotation":0,"texture":"#0"},"down":{"uv":[12.333333,11.222222,12.0,11.388889],"tintindex":0,"rotation":0,"texture":"#0"}}},{"from":[3.5,6.5,3.5],"to":[12.5,8.5,12.5],"faces":{"east":{"uv":[8.0,3.1111112,9.0,3.3333333],"tintindex":0,"rotation":0,"texture":"#0"},"south":{"uv":[12.777778,2.777778,13.777778,3.0],"tintindex":0,"rotation":0,"texture":"#0"},"north":{"uv":[6.4444447,4.0,7.4444447,4.2222223],"tintindex":0,"rotation":0,"texture":"#0"},"west":{"uv":[12.777778,3.1111112,13.777778,3.3333333],"tintindex":0,"rotation":0,"texture":"#0"},"up":{"uv":[2.1111112,10.333333,1.1111112,9.333333],"tintindex":0,"rotation":0,"texture":"#0"},"down":{"uv":[5.4444447,9.444445,4.4444447,10.444445],"tintindex":0,"rotation":0,"texture":"#0"}}},{"from":[4.75,-0.5,1.5],"to":[7.75,3.5,3.0],"faces":{"east":{"uv":[0.8888889,10.666667,1.0555556,11.111112],"tintindex":0,"rotation":0,"texture":"#0"},"south":{"uv":[11.888889,12.888889,12.222222,13.333333],"tintindex":0,"rotation":0,"texture":"#0"},"north":{"uv":[8.555555,9.222222,8.888889,9.666667],"tintindex":0,"rotation":0,"texture":"#0"},"west":{"uv":[11.444445,4.111111,11.611112,4.555556],"tintindex":0,"rotation":0,"texture":"#0"},"up":{"uv":[2.1111112,13.388889,1.7777778,13.222222],"tintindex":0,"rotation":0,"texture":"#0"},"down":{"uv":[2.4444444,13.222222,2.1111112,13.388889],"tintindex":0,"rotation":0,"texture":"#0"}}},{"from":[5.5,4.5,2.75],"to":[10.5,11.0,4.25],"faces":{"east":{"uv":[1.4444444,13.0,1.6111112,13.722222],"tintindex":0,"rotation":0,"texture":"#0"},"south":{"uv":[7.0,10.777778,7.555556,11.5],"tintindex":0,"rotation":0,"texture":"#0"},"north":{"uv":[5.4444447,9.444445,6.0,10.166667],"tintindex":0,"rotation":0,"texture":"#0"},"west":{"uv":[5.3333335,13.0,5.5,13.722222],"tintindex":0,"rotation":0,"texture":"#0"},"up":{"uv":[8.111112,10.5,7.555556,10.333333],"tintindex":0,"rotation":0,"texture":"#0"},"down":{"uv":[4.3333335,11.0,3.777778,11.166667],"tintindex":0,"rotation":0,"texture":"#0"}}},{"from":[3.0,-0.5,3.0],"to":[13.0,7.5,13.0],"faces":{"east":{"uv":[10.0,2.2222223,11.111112,3.1111112],"tintindex":0,"rotation":0,"texture":"#0"},"south":{"uv":[10.0,5.2222223,11.111112,6.111111],"tintindex":0,"rotation":0,"texture":"#0"},"north":{"uv":[0.0,9.777778,1.1111112,10.666667],"tintindex":0,"rotation":0,"texture":"#0"},"west":{"uv":[2.1111112,10.111112,3.2222223,11.0],"tintindex":0,"rotation":0,"texture":"#0"},"up":{"uv":[1.1111112,8.666667,0.0,7.555556],"tintindex":0,"rotation":0,"texture":"#0"},"down":{"uv":[8.888889,5.3333335,7.7777777,6.4444447],"tintindex":0,"rotation":0,"texture":"#0"}}}],"display":{"gui":{"rotation":[30,225,0]}}}