{"textures":{"0":"modelengine:entity/bluebuff"},"elements":[{"from":[13.0,3.5,3.0],"to":[27.0,13.5,13.0],"faces":{"east":{"uv":[0.0,8.666667,1.1111112,9.777778],"tintindex":0,"rotation":0,"texture":"#0"},"south":{"uv":[4.4444447,4.888889,6.0,6.0],"tintindex":0,"rotation":0,"texture":"#0"},"north":{"uv":[2.8888888,4.888889,4.4444447,6.0],"tintindex":0,"rotation":0,"texture":"#0"},"west":{"uv":[8.888889,5.3333335,10.0,6.4444447],"tintindex":0,"rotation":0,"texture":"#0"},"up":{"uv":[1.5555556,6.4444447,0.0,5.3333335],"tintindex":0,"rotation":0,"texture":"#0"},"down":{"uv":[3.1111112,6.0,1.5555556,7.111111],"tintindex":0,"rotation":0,"texture":"#0"}}},{"from":[8.0,4.75,4.75],"to":[15.0,11.25,11.25],"faces":{"east":{"uv":[6.4444447,12.222222,7.1666665,12.944445],"tintindex":0,"rotation":0,"texture":"#0"},"south":{"uv":[12.0,2.2222223,12.777778,2.9444444],"tintindex":0,"rotation":0,"texture":"#0"},"north":{"uv":[11.888889,6.111111,12.666667,6.8333335],"tintindex":0,"rotation":0,"texture":"#0"},"west":{"uv":[7.2222223,12.222222,7.9444447,12.944445],"tintindex":0,"rotation":0,"texture":"#0"},"up":{"uv":[4.2222223,12.722222,3.4444444,12.0],"tintindex":0,"rotation":0,"texture":"#0"},"down":{"uv":[12.777778,5.111111,12.0,5.8333335],"tintindex":0,"rotation":0,"texture":"#0"}}}],"display":{"gui":{"rotation":[30,225,0]}}}