{"textures":{"0":"modelengine:entity/bluebuff"},"elements":[{"from":[3.0,-0.5,3.0],"to":[13.0,7.5,13.0],"faces":{"east":{"uv":[10.222222,0.0,11.333333,0.8888889],"tintindex":0,"rotation":0,"texture":"#0"},"south":{"uv":[10.222222,0.8888889,11.333333,1.7777778],"tintindex":0,"rotation":0,"texture":"#0"},"north":{"uv":[3.2222223,10.111112,4.3333335,11.0],"tintindex":0,"rotation":0,"texture":"#0"},"west":{"uv":[10.222222,9.666667,11.333333,10.555555],"tintindex":0,"rotation":0,"texture":"#0"},"up":{"uv":[7.888889,9.222222,6.7777777,8.111112],"tintindex":0,"rotation":0,"texture":"#0"},"down":{"uv":[9.0,8.111112,7.888889,9.222222],"tintindex":0,"rotation":0,"texture":"#0"}}},{"from":[5.5,4.5,2.75],"to":[10.5,11.0,4.25],"faces":{"east":{"uv":[5.555556,13.0,5.7222223,13.722222],"tintindex":0,"rotation":0,"texture":"#0"},"south":{"uv":[4.7777777,12.444445,5.3333335,13.166667],"tintindex":0,"rotation":0,"texture":"#0"},"north":{"uv":[4.2222223,12.0,4.7777777,12.722222],"tintindex":0,"rotation":0,"texture":"#0"},"west":{"uv":[5.7777777,13.0,5.9444447,13.722222],"tintindex":0,"rotation":0,"texture":"#0"},"up":{"uv":[0.5555556,13.277778,0.0,13.111112],"tintindex":0,"rotation":0,"texture":"#0"},"down":{"uv":[13.666667,10.111112,13.111112,10.277778],"tintindex":0,"rotation":0,"texture":"#0"}}},{"from":[3.5,6.5,3.5],"to":[12.5,8.5,12.5],"faces":{"east":{"uv":[12.777778,3.3333333,13.777778,3.5555556],"tintindex":0,"rotation":0,"texture":"#0"},"south":{"uv":[12.777778,3.5555556,13.777778,3.777778],"tintindex":0,"rotation":0,"texture":"#0"},"north":{"uv":[3.2222223,12.777778,4.2222223,13.0],"tintindex":0,"rotation":0,"texture":"#0"},"west":{"uv":[12.777778,5.111111,13.777778,5.3333335],"tintindex":0,"rotation":0,"texture":"#0"},"up":{"uv":[9.222222,10.666667,8.222222,9.666667],"tintindex":0,"rotation":0,"texture":"#0"},"down":{"uv":[10.222222,9.666667,9.222222,10.666667],"tintindex":0,"rotation":0,"texture":"#0"}}},{"from":[8.25,-0.5,1.5],"to":[11.25,3.5,3.0],"faces":{"east":{"uv":[11.0,13.111112,11.166667,13.555555],"tintindex":0,"rotation":0,"texture":"#0"},"south":{"uv":[3.8888888,13.0,4.2222223,13.444445],"tintindex":0,"rotation":0,"texture":"#0"},"north":{"uv":[3.5555556,13.0,3.8888888,13.444445],"tintindex":0,"rotation":0,"texture":"#0"},"west":{"uv":[11.222222,13.111112,11.388889,13.555555],"tintindex":0,"rotation":0,"texture":"#0"},"up":{"uv":[5.111111,13.388889,4.7777777,13.222222],"tintindex":0,"rotation":0,"texture":"#0"},"down":{"uv":[6.3333335,13.222222,6.0,13.388889],"tintindex":0,"rotation":0,"texture":"#0"}}},{"from":[4.75,-0.5,1.5],"to":[7.75,3.5,3.0],"faces":{"east":{"uv":[10.0,11.555555,10.166667,12.0],"tintindex":0,"rotation":0,"texture":"#0"},"south":{"uv":[1.1111112,13.0,1.4444444,13.444445],"tintindex":0,"rotation":0,"texture":"#0"},"north":{"uv":[0.7777778,13.0,1.1111112,13.444445],"tintindex":0,"rotation":0,"texture":"#0"},"west":{"uv":[3.2222223,13.111112,3.3888888,13.555555],"tintindex":0,"rotation":0,"texture":"#0"},"up":{"uv":[2.777778,13.388889,2.4444444,13.222222],"tintindex":0,"rotation":0,"texture":"#0"},"down":{"uv":[3.1111112,13.222222,2.777778,13.388889],"tintindex":0,"rotation":0,"texture":"#0"}}}],"display":{"gui":{"rotation":[30,225,0]}}}