{"textures":{"0":"modelengine:entity/bluebuff"},"elements":[{"from":[4.75,5.0,4.0],"to":[12.75,13.0,12.0],"faces":{"east":{"uv":[7.555556,10.666667,8.444445,11.555555],"tintindex":0,"rotation":0,"texture":"#0"},"south":{"uv":[8.444445,10.666667,9.333333,11.555555],"tintindex":0,"rotation":0,"texture":"#0"},"north":{"uv":[0.0,10.666667,0.8888889,11.555555],"tintindex":0,"rotation":0,"texture":"#0"},"west":{"uv":[9.333333,10.666667,10.222222,11.555555],"tintindex":0,"rotation":0,"texture":"#0"},"up":{"uv":[6.111111,11.666667,5.2222223,10.777778],"tintindex":0,"rotation":0,"texture":"#0"},"down":{"uv":[7.0,10.777778,6.111111,11.666667],"tintindex":0,"rotation":0,"texture":"#0"}}}],"display":{"gui":{"rotation":[30,225,0]}}}