{"textures":{"0":"modelengine:entity/bluebuff"},"elements":[{"from":[3.25,1.5,3.25],"to":[12.75,7.5,12.75],"faces":{"east":{"uv":[7.0,11.555555,8.055555,12.222222],"tintindex":0,"rotation":0,"texture":"#0"},"south":{"uv":[8.111112,11.555555,9.166667,12.222222],"tintindex":0,"rotation":0,"texture":"#0"},"north":{"uv":[11.333333,11.444445,12.388889,12.111112],"tintindex":0,"rotation":0,"texture":"#0"},"west":{"uv":[11.666667,3.1111112,12.722222,3.777778],"tintindex":0,"rotation":0,"texture":"#0"},"up":{"uv":[7.055556,10.277778,6.0,9.222222],"tintindex":0,"rotation":0,"texture":"#0"},"down":{"uv":[8.166667,9.222222,7.111111,10.277778],"tintindex":0,"rotation":0,"texture":"#0"}}},{"from":[4.0,7.5,4.0],"to":[12.0,8.0,12.0],"faces":{"east":{"uv":[13.222222,13.111112,14.111112,13.166667],"tintindex":0,"rotation":0,"texture":"#0"},"south":{"uv":[13.222222,13.222222,14.111112,13.277778],"tintindex":0,"rotation":0,"texture":"#0"},"north":{"uv":[10.111112,13.222222,11.0,13.277778],"tintindex":0,"rotation":0,"texture":"#0"},"west":{"uv":[13.333333,0.0,14.222222,0.055555556],"tintindex":0,"rotation":0,"texture":"#0"},"up":{"uv":[11.333333,9.666667,10.444445,8.777778],"tintindex":0,"rotation":0,"texture":"#0"},"down":{"uv":[11.111112,10.555555,10.222222,11.444445],"tintindex":0,"rotation":0,"texture":"#0"}}}],"display":{"gui":{"rotation":[30,225,0]}}}