{"textures":{"0":"modelengine:entity/bluebuff"},"elements":[{"from":[-3.0,15.25,14.0],"to":[19.0,20.5,15.0],"faces":{"east":{"uv":[12.777778,13.111112,12.888889,13.722222],"tintindex":0,"rotation":0,"texture":"#0"},"south":{"uv":[6.6666665,2.0,9.111112,2.6111112],"tintindex":0,"rotation":0,"texture":"#0"},"north":{"uv":[6.6666665,1.3333334,9.111112,1.9444444],"tintindex":0,"rotation":0,"texture":"#0"},"west":{"uv":[12.888889,13.111112,13.0,13.722222],"tintindex":0,"rotation":0,"texture":"#0"},"up":{"uv":[14.888889,8.0,12.444445,7.888889],"tintindex":0,"rotation":0,"texture":"#0"},"down":{"uv":[14.888889,8.0,12.444445,8.111112],"tintindex":0,"rotation":0,"texture":"#0"}}},{"from":[3.5,8.25,1.0],"to":[12.5,10.25,2.0],"faces":{"east":{"uv":[1.2222222,8.0,1.3333334,8.222222],"tintindex":0,"rotation":0,"texture":"#0"},"south":{"uv":[12.777778,5.3333335,13.777778,5.555556],"tintindex":0,"rotation":0,"texture":"#0"},"north":{"uv":[5.3333335,12.777778,6.3333335,13.0],"tintindex":0,"rotation":0,"texture":"#0"},"west":{"uv":[2.5555556,8.222222,2.6666667,8.444445],"tintindex":0,"rotation":0,"texture":"#0"},"up":{"uv":[7.0,13.111112,6.0,13.0],"tintindex":0,"rotation":0,"texture":"#0"},"down":{"uv":[8.0,13.0,7.0,13.111112],"tintindex":0,"rotation":0,"texture":"#0"}}},{"from":[-0.5,14.25,1.0],"to":[16.5,20.5,2.0],"faces":{"east":{"uv":[0.6666667,13.111112,0.7777778,13.833333],"tintindex":0,"rotation":0,"texture":"#0"},"south":{"uv":[4.888889,7.555556,6.7777777,8.277778],"tintindex":0,"rotation":0,"texture":"#0"},"north":{"uv":[7.555556,4.0,9.444445,4.7222223],"tintindex":0,"rotation":0,"texture":"#0"},"west":{"uv":[3.1111112,13.111112,3.2222223,13.833333],"tintindex":0,"rotation":0,"texture":"#0"},"up":{"uv":[14.666667,5.7777777,12.777778,5.6666665],"tintindex":0,"rotation":0,"texture":"#0"},"down":{"uv":[14.666667,5.7777777,12.777778,5.888889],"tintindex":0,"rotation":0,"texture":"#0"}}},{"from":[12.0,20.25,4.5],"to":[19.5,24.75,8.5],"faces":{"east":{"uv":[4.2222223,12.777778,4.6666665,13.277778],"tintindex":0,"rotation":0,"texture":"#0"},"south":{"uv":[12.444445,3.777778,13.277778,4.2777777],"tintindex":0,"rotation":0,"texture":"#0"},"north":{"uv":[2.3333333,12.444445,3.1666667,12.944445],"tintindex":0,"rotation":0,"texture":"#0"},"west":{"uv":[8.777778,12.777778,9.222222,13.277778],"tintindex":0,"rotation":0,"texture":"#0"},"up":{"uv":[13.277778,9.666667,12.444445,9.222222],"tintindex":0,"rotation":0,"texture":"#0"},"down":{"uv":[13.277778,9.666667,12.444445,10.111112],"tintindex":0,"rotation":0,"texture":"#0"}}},{"from":[-6.75,8.5,3.0],"to":[22.75,20.5,13.0],"faces":{"east":{"uv":[2.6666667,7.111111,3.777778,8.444445],"tintindex":0,"rotation":0,"texture":"#0"},"south":{"uv":[0.0,1.3333334,3.277778,2.6666667],"tintindex":0,"rotation":0,"texture":"#0"},"north":{"uv":[0.0,0.0,3.277778,1.3333334],"tintindex":0,"rotation":0,"texture":"#0"},"west":{"uv":[3.777778,7.111111,4.888889,8.444445],"tintindex":0,"rotation":0,"texture":"#0"},"up":{"uv":[3.277778,3.777778,0.0,2.6666667],"tintindex":0,"rotation":0,"texture":"#0"},"down":{"uv":[6.611111,0.0,3.3333333,1.1111112],"tintindex":0,"rotation":0,"texture":"#0"}}},{"from":[1.5,13.25,0.0],"to":[14.5,20.25,1.0],"faces":{"east":{"uv":[12.222222,12.888889,12.333333,13.666667],"tintindex":0,"rotation":0,"texture":"#0"},"south":{"uv":[9.0,8.888889,10.444445,9.666667],"tintindex":0,"rotation":0,"texture":"#0"},"north":{"uv":[9.0,8.111112,10.444445,8.888889],"tintindex":0,"rotation":0,"texture":"#0"},"west":{"uv":[0.5555556,13.111112,0.6666667,13.888889],"tintindex":0,"rotation":0,"texture":"#0"},"up":{"uv":[3.5555556,13.111112,2.1111112,13.0],"tintindex":0,"rotation":0,"texture":"#0"},"down":{"uv":[14.444445,4.555556,13.0,4.6666665],"tintindex":0,"rotation":0,"texture":"#0"}}},{"from":[-1.5,20.25,13.5],"to":[17.5,24.25,14.5],"faces":{"east":{"uv":[11.555555,3.1111112,11.666667,3.5555556],"tintindex":0,"rotation":0,"texture":"#0"},"south":{"uv":[5.4444447,10.333333,7.555556,10.777778],"tintindex":0,"rotation":0,"texture":"#0"},"north":{"uv":[10.222222,1.7777778,12.333333,2.2222223],"tintindex":0,"rotation":0,"texture":"#0"},"west":{"uv":[4.7777777,12.0,4.888889,12.444445],"tintindex":0,"rotation":0,"texture":"#0"},"up":{"uv":[14.888889,2.6666667,12.777778,2.5555556],"tintindex":0,"rotation":0,"texture":"#0"},"down":{"uv":[14.888889,2.6666667,12.777778,2.777778],"tintindex":0,"rotation":0,"texture":"#0"}}},{"from":[0.5,10.25,1.0],"to":[15.5,14.25,2.0],"faces":{"east":{"uv":[8.888889,9.222222,9.0,9.666667],"tintindex":0,"rotation":0,"texture":"#0"},"south":{"uv":[11.333333,1.3333334,13.0,1.7777778],"tintindex":0,"rotation":0,"texture":"#0"},"north":{"uv":[10.777778,7.0,12.444445,7.4444447],"tintindex":0,"rotation":0,"texture":"#0"},"west":{"uv":[9.333333,3.5555556,9.444445,4.0],"tintindex":0,"rotation":0,"texture":"#0"},"up":{"uv":[14.444445,11.222222,12.777778,11.111112],"tintindex":0,"rotation":0,"texture":"#0"},"down":{"uv":[14.444445,12.555555,12.777778,12.666667],"tintindex":0,"rotation":0,"texture":"#0"}}},{"from":[-3.5,20.25,8.5],"to":[19.5,26.25,12.5],"faces":{"east":{"uv":[4.4444447,8.444445,4.888889,9.111112],"tintindex":0,"rotation":0,"texture":"#0"},"south":{"uv":[6.2222223,6.4444447,8.777778,7.111111],"tintindex":0,"rotation":0,"texture":"#0"},"north":{"uv":[6.4444447,3.3333333,9.0,4.0],"tintindex":0,"rotation":0,"texture":"#0"},"west":{"uv":[12.333333,12.555555,12.777778,13.222222],"tintindex":0,"rotation":0,"texture":"#0"},"up":{"uv":[10.777778,7.555556,8.222222,7.111111],"tintindex":0,"rotation":0,"texture":"#0"},"down":{"uv":[11.555555,3.1111112,9.0,3.5555556],"tintindex":0,"rotation":0,"texture":"#0"}}},{"from":[-2.5,20.25,12.5],"to":[18.5,25.25,13.5],"faces":{"east":{"uv":[13.111112,13.111112,13.222222,13.666667],"tintindex":0,"rotation":0,"texture":"#0"},"south":{"uv":[6.7777777,7.555556,9.111112,8.111112],"tintindex":0,"rotation":0,"texture":"#0"},"north":{"uv":[7.555556,4.7777777,9.888889,5.3333335],"tintindex":0,"rotation":0,"texture":"#0"},"west":{"uv":[1.6666666,13.222222,1.7777778,13.777778],"tintindex":0,"rotation":0,"texture":"#0"},"up":{"uv":[14.777778,12.0,12.444445,11.888889],"tintindex":0,"rotation":0,"texture":"#0"},"down":{"uv":[14.777778,12.0,12.444445,12.111112],"tintindex":0,"rotation":0,"texture":"#0"}}},{"from":[12.0,20.25,2.5],"to":[19.5,23.25,4.5],"faces":{"east":{"uv":[5.2222223,10.444445,5.4444447,10.777778],"tintindex":0,"rotation":0,"texture":"#0"},"south":{"uv":[12.666667,6.4444447,13.5,6.7777777],"tintindex":0,"rotation":0,"texture":"#0"},"north":{"uv":[12.666667,6.111111,13.5,6.4444447],"tintindex":0,"rotation":0,"texture":"#0"},"west":{"uv":[4.888889,11.333333,5.111111,11.666667],"tintindex":0,"rotation":0,"texture":"#0"},"up":{"uv":[10.944445,13.111112,10.111112,12.888889],"tintindex":0,"rotation":0,"texture":"#0"},"down":{"uv":[11.833333,12.888889,11.0,13.111112],"tintindex":0,"rotation":0,"texture":"#0"}}},{"from":[-2.0,11.0,13.0],"to":[18.0,15.25,14.0],"faces":{"east":{"uv":[5.111111,13.222222,5.2222223,13.722222],"tintindex":0,"rotation":0,"texture":"#0"},"south":{"uv":[9.444445,3.5555556,11.666667,4.055556],"tintindex":0,"rotation":0,"texture":"#0"},"north":{"uv":[9.111112,7.555556,11.333333,8.055555],"tintindex":0,"rotation":0,"texture":"#0"},"west":{"uv":[5.2222223,13.222222,5.3333335,13.722222],"tintindex":0,"rotation":0,"texture":"#0"},"up":{"uv":[15.0,2.4444444,12.777778,2.3333333],"tintindex":0,"rotation":0,"texture":"#0"},"down":{"uv":[15.0,2.4444444,12.777778,2.5555556],"tintindex":0,"rotation":0,"texture":"#0"}}},{"from":[-3.5,20.25,4.5],"to":[4.0,24.75,8.5],"faces":{"east":{"uv":[6.4444447,11.666667,6.888889,12.166667],"tintindex":0,"rotation":0,"texture":"#0"},"south":{"uv":[12.444445,0.5555556,13.277778,1.0555556],"tintindex":0,"rotation":0,"texture":"#0"},"north":{"uv":[12.444445,0.0,13.277778,0.5],"tintindex":0,"rotation":0,"texture":"#0"},"west":{"uv":[1.6666666,12.666667,2.1111112,13.166667],"tintindex":0,"rotation":0,"texture":"#0"},