{"elements":[{"from":[-8.57143,9.714286,6.285714],"to":[24.57143,13.142858,9.714286],"rotation":{"angle":0.0,"axis":"z","origin":[7.7979693,11.344888,8.571428]},"faces":{"east":{"uv":[4.875,4.6875,7.6875,5.0625],"rotation":0,"texture":"#1","tintindex":0},"south":{"uv":[12.875,12.5,13.25,12.875],"rotation":0,"texture":"#1","tintindex":0},"north":{"uv":[12.875,8.9375,13.25,9.3125],"rotation":0,"texture":"#1","tintindex":0},"west":{"uv":[4.875,5.0625,7.6875,5.4375],"rotation":0,"texture":"#1","tintindex":0},"up":{"uv":[0.75,7.5625,0.375,4.75],"rotation":0,"texture":"#1","tintindex":0},"down":{"uv":[1.125,4.75,0.75,7.5625],"rotation":0,"texture":"#1","tintindex":0}}},{"from":[-8.57143,9.714286,6.285714],"to":[24.57143,13.142858,9.714286],"rotation":{"angle":45.0,"axis":"x","origin":[8.0,11.428572,8.0]},"faces":{"east":{"uv":[4.875,4.6875,7.6875,5.0625],"rotation":0,"texture":"#1","tintindex":0},"south":{"uv":[12.875,12.5,13.25,12.875],"rotation":0,"texture":"#1","tintindex":0},"north":{"uv":[12.875,8.9375,13.25,9.3125],"rotation":0,"texture":"#1","tintindex":0},"west":{"uv":[4.875,5.0625,7.6875,5.4375],"rotation":0,"texture":"#1","tintindex":0},"up":{"uv":[0.75,7.5625,0.375,4.75],"rotation":0,"texture":"#1","tintindex":0},"down":{"uv":[1.125,4.75,0.75,7.5625],"rotation":0,"texture":"#1","tintindex":0}}},{"from":[4.5714283,1.7142854,10.285714],"to":[11.428572,6.857143,12.0],"rotation":{"angle":45.0,"axis":"x","origin":[8.0,4.285714,11.142858]},"faces":{"east":{"uv":[9.0,13.5,9.1875,14.0625],"rotation":0,"texture":"#1","tintindex":0},"south":{"uv":[9.3125,5.8125,10.0625,6.375],"rotation":0,"texture":"#1","tintindex":0},"north":{"uv":[9.3125,5.25,10.0625,5.8125],"rotation":0,"texture":"#1","tintindex":0},"west":{"uv":[9.1875,13.5,9.375,14.0625],"rotation":0,"texture":"#1","tintindex":0},"up":{"uv":[13.625,5.125,12.875,4.9375],"rotation":0,"texture":"#1","tintindex":0},"down":{"uv":[13.625,6.9375,12.875,7.125],"rotation":0,"texture":"#1","tintindex":0}}},{"from":[4.5714283,1.7142854,4.5714283],"to":[11.428572,6.857143,6.285714],"rotation":{"angle":-45.0,"axis":"x","origin":[8.0,4.285714,5.428571]},"faces":{"east":{"uv":[9.375,13.5,9.5625,14.0625],"rotation":0,"texture":"#1","tintindex":0},"south":{"uv":[9.375,6.375,10.125,6.9375],"rotation":0,"texture":"#1","tintindex":0},"north":{"uv":[4.5625,9.375,5.3125,9.9375],"rotation":0,"texture":"#1","tintindex":0},"west":{"uv":[9.5625,13.5,9.75,14.0625],"rotation":0,"texture":"#1","tintindex":0},"up":{"uv":[13.625,7.3125,12.875,7.125],"rotation":0,"texture":"#1","tintindex":0},"down":{"uv":[13.625,7.3125,12.875,7.5],"rotation":0,"texture":"#1","tintindex":0}}},{"from":[5.142857,8.0,0.0],"to":[10.857143,13.714286,6.285714],"rotation":{"angle":45.0,"axis":"x","origin":[8.0,10.857143,1.1428566]},"faces":{"east":{"uv":[9.1875,0.0,9.875,0.625],"rotation":0,"texture":"#1","tintindex":0},"south":{"uv":[3.875,9.625,4.5,10.25],"rotation":0,"texture":"#1","tintindex":0},"north":{"uv":[7.125,1.625,7.75,2.25],"rotation":0,"texture":"#1","tintindex":0},"west":{"uv":[9.1875,0.625,9.875,1.25],"rotation":0,"texture":"#1","tintindex":0},"up":{"uv":[3.875,9.9375,3.25,9.25],"rotation":0,"texture":"#1","tintindex":0},"down":{"uv":[9.9375,2.625,9.3125,3.3125],"rotation":0,"texture":"#1","tintindex":0}}},{"from":[10.857143,8.0,0.5714283],"to":[14.285715,13.714286,4.0],"rotation":{"angle":45.0,"axis":"x","origin":[13.714286,10.857143,1.1428566]},"faces":{"east":{"uv":[2.3125,12.125,2.6875,12.75],"rotation":0,"texture":"#1","tintindex":0},"south":{"uv":[12.125,3.1875,12.5,3.8125],"rotation":0,"texture":"#1","tintindex":0},"north":{"uv":[1.9375,12.125,2.3125,12.75],"rotation":0,"texture":"#1","tintindex":0},"west":{"uv":[7.25,12.125,7.625,12.75],"rotation":0,"texture":"#1","tintindex":0},"up":{"uv":[1.4375,13.375,1.0625,13.0],"rotation":0,"texture":"#1","tintindex":0},"down":{"uv":[13.375,1.375,13.0,1.75],"rotation":0,"texture":"#1","tintindex":0}}},{"from":[1.7142854,8.0,0.5714283],"to":[5.142857,13.714286,4.0],"rotation":{"angle":45.0,"axis":"x","origin":[4.5714283,10.857143,1.1428566]},"faces":{"east":{"uv":[5.3125,12.1875,5.6875,12.8125],"rotation":0,"texture":"#1","tintindex":0},"south":{"uv":[12.1875,5.3125,12.5625,5.9375],"rotation":0,"texture":"#1","tintindex":0},"north":{"uv":[12.125,7.625,12.5,8.25],"rotation":0,"texture":"#1","tintindex":0},"west":{"uv":[5.6875,12.1875,6.0625,12.8125],"rotation":0,"texture":"#1","tintindex":0},"up":{"uv":[1.8125,13.375,1.4375,13.0],"rotation":0,"texture":"#1","tintindex":0},"down":{"uv":[13.375,1.75,13.0,2.125],"rotation":0,"texture":"#1","tintindex":0}}},{"from":[-1.1428576,6.285714,3.4285712],"to":[-0.57142925,13.714286,12.571428],"rotation":{"angle":0.0,"axis":"y","origin":[8.0,5.714286,8.0]},"faces":{"east":{"uv":[5.125,1.875,6.125,2.6875],"rotation":0,"texture":"#1","tintindex":0},"south":{"uv":[12.375,14.0625,12.4375,14.875],"rotation":0,"texture":"#1","tintindex":0},"north":{"uv":[2.0625,9.5,2.125,10.3125],"rotation":0,"texture":"#1","tintindex":0},"west":{"uv":[1.125,5.4375,2.125,6.25],"rotation":0,"texture":"#1","tintindex":0},"up":{"uv":[10.25,14.875,10.1875,13.875],"rotation":0,"texture":"#1","tintindex":0},"down":{"uv":[12.125,13.875,12.0625,14.875],"rotation":0,"texture":"#1","tintindex":0}}},{"from":[16.57143,6.285714,3.4285712],"to":[17.142857,13.714286,12.571428],"rotation":{"angle":0.0,"axis":"y","origin":[25.714287,5.714286,8.0]},"faces":{"east":{"uv":[4.375,5.4375,5.375,6.25],"rotation":0,"texture":"#1","tintindex":0},"south":{"uv":[12.5,14.0625,12.5625,14.875],"rotation":0,"texture":"#1","tintindex":0},"north":{"uv":[12.4375,14.0625,12.5,14.875],"rotation":0,"texture":"#1","tintindex":0},"west":{"uv":[5.375,5.4375,6.375,6.25],"rotation":0,"texture":"#1","tintindex":0},"up":{"uv":[13.625,15.0,13.5625,14.0],"rotation":0,"texture":"#1","tintindex":0},"down":{"uv":[6.25,14.0625,6.1875,15.0625],"rotation":0,"texture":"#1","tintindex":0}}},{"from":[-0.57142925,5.142857,2.2857141],"to":[16.57143,13.714286,13.714286],"rotation":{"angle":0.0,"axis":"y","origin":[8.0,5.142857,8.0]},"faces":{"east":{"uv":[3.625,4.3125,4.875,5.25],"rotation":0,"texture":"#1","tintindex":0},"south":{"uv":[3.75,0.0,5.625,0.9375],"rotation":0,"texture":"#1","tintindex":0},"north":{"uv":[3.625,3.375,5.5,4.3125],"rotation":0,"texture":"#1","tintindex":0},"west":{"uv":[1.75,4.5,3.0,5.4375],"rotation":0,"texture":"#1","tintindex":0},"up":{"uv":[1.875,1.25,0.0,0.0],"rotation":0,"texture":"#1","tintindex":0},"down":{"uv":[1.875,1.25,0.0,2.5],"rotation":0,"texture":"#1","tintindex":0}}},{"from":[4.0,7.428571,13.714286],"to":[12.0,15.428572,16.57143],"rotation":{"angle":0.0,"axis":"y","origin":[8.0,6.857143,19.428572]},"faces":{"east":{"uv":[4.0625,10.8125,4.1875,11.5625],"rotation":0,"texture":"#1","tintindex":0},"south":{"uv":[0.625,8.9375,1.25,9.6875],"rotation":0,"texture":"#1","tintindex":0},"north":{"uv":[0.0,8.9375,0.625,9.6875],"rotation":0,"texture":"#1","tintindex":0},"west":{"uv":[4.5,13.625,4.625,14.375],"rotation":0,"texture":"#1","tintindex":0},"up":{"uv":[14.5625,4.4375,13.9375,4.3125],"rotation":0,"texture":"#1","tintindex":0},"down":{"uv":[14.5625,8.0625,13.9375,8.1875],"rotation":0,"texture":"#1","tintindex":0}}},{"from":[-0.57142925,13.714286,2.8571424],"to":[16.57143,14.285715,13.142858],"rotation":{"angle":0.0,"axis":"y","origin":[8.0,13.714286,8.0]},"faces":{"east":{"uv":[13.9375,4.4375,15.0625,4.5],"rotation":0,"texture":"#1","tintindex":0},"south":{"uv":[13.3125,0.0625,15.1875,0.125],"rotation":0,"texture":"#1","tintindex":0},"north":{"uv":[13.3125,0.0,15.1875,0.0625],"rotation":0,"texture":"#1","tintindex":0},"west":{"uv":[13.9375,8.1875,15.0625,8.25],"rotation":0,"texture":"#1","tintindex":0},"up":{"uv":[3.75,3.375,1.875,2.25],"rotation":0,"texture":"#1","tintindex":0},"down":{"uv":[1.875,2.5,0.0,3.625],"rotation":0,"texture":"#1","tintindex":0}}},{"from":[-0.57142925,14.19872,2.7230663],"to":[16.57143,14.770148,13.276934],"rotation":{"angle":0.0,"axis":"y",