{"textures":{"1":"modelengine:entity/martinmech"},"elements":[{"from":[13.201723,5.1757545,2.8306656],"to":[14.201723,11.186188,13.213348],"faces":{"east":{"uv":[12.0625,2.125,12.6875,2.5],"tintindex":0,"rotation":0,"texture":"#1"},"south":{"uv":[12.0,14.25,12.0625,14.625],"tintindex":0,"rotation":0,"texture":"#1"},"north":{"uv":[11.9375,14.25,12.0,14.625],"tintindex":0,"rotation":0,"texture":"#1"},"west":{"uv":[12.0625,4.375,12.6875,4.75],"tintindex":0,"rotation":0,"texture":"#1"},"up":{"uv":[3.75,14.8125,3.6875,14.1875],"tintindex":0,"rotation":0,"texture":"#1"},"down":{"uv":[3.8125,14.1875,3.75,14.8125],"tintindex":0,"rotation":0,"texture":"#1"}}},{"from":[3.1157932,1.1757545,0.3306651],"to":[13.115793,2.1861877,15.713348],"faces":{"east":{"uv":[14.125,2.75,15.0625,2.8125],"tintindex":0,"rotation":0,"texture":"#1"},"south":{"uv":[14.1875,5.5,14.8125,5.5625],"tintindex":0,"rotation":0,"texture":"#1"},"north":{"uv":[14.1875,5.4375,14.8125,5.5],"tintindex":0,"rotation":0,"texture":"#1"},"west":{"uv":[14.125,2.8125,15.0625,2.875],"tintindex":0,"rotation":0,"texture":"#1"},"up":{"uv":[6.9375,9.0625,6.3125,8.125],"tintindex":0,"rotation":0,"texture":"#1"},"down":{"uv":[3.9375,8.3125,3.3125,9.25],"tintindex":0,"rotation":0,"texture":"#1"}}},{"from":[2.3657932,1.1757545,4.8306656],"to":[3.1157932,15.186188,11.213348],"faces":{"east":{"uv":[2.5625,10.75,2.9375,11.625],"tintindex":0,"rotation":0,"texture":"#1"},"south":{"uv":[12.3125,14.0625,12.375,14.9375],"tintindex":0,"rotation":0,"texture":"#1"},"north":{"uv":[12.25,14.0625,12.3125,14.9375],"tintindex":0,"rotation":0,"texture":"#1"},"west":{"uv":[10.75,3.5,11.125,4.375],"tintindex":0,"rotation":0,"texture":"#1"},"up":{"uv":[14.125,14.625,14.0625,14.25],"tintindex":0,"rotation":0,"texture":"#1"},"down":{"uv":[14.1875,14.25,14.125,14.625],"tintindex":0,"rotation":0,"texture":"#1"}},"rotation":{"origin":[2.7407932,8.180969,8.022007],"angle":-45.0,"axis":"x"}},{"from":[3.3657932,9.784687,15.276897],"to":[12.865793,16.78469,19.276897],"faces":{"east":{"uv":[7.6875,13.375,7.9375,13.8125],"tintindex":0,"rotation":0,"texture":"#1"},"south":{"uv":[0.0,11.5625,0.625,12.0],"tintindex":0,"rotation":0,"texture":"#1"},"north":{"uv":[10.375,11.5,11.0,11.9375],"tintindex":0,"rotation":0,"texture":"#1"},"west":{"uv":[7.9375,13.4375,8.1875,13.875],"tintindex":0,"rotation":0,"texture":"#1"},"up":{"uv":[9.5625,13.0,8.9375,12.75],"tintindex":0,"rotation":0,"texture":"#1"},"down":{"uv":[5.75,12.8125,5.125,13.0625],"tintindex":0,"rotation":0,"texture":"#1"}},"rotation":{"origin":[10.865793,7.784687,24.276897],"angle":-22.5,"axis":"x"}},{"from":[3.3657932,0.5203781,13.480811],"to":[12.865793,8.666824,16.834364],"faces":{"east":{"uv":[13.8125,13.375,14.0,13.875],"tintindex":0,"rotation":0,"texture":"#1"},"south":{"uv":[11.1875,10.3125,11.8125,10.8125],"tintindex":0,"rotation":0,"texture":"#1"},"north":{"uv":[11.1875,9.8125,11.8125,10.3125],"tintindex":0,"rotation":0,"texture":"#1"},"west":{"uv":[13.875,3.0625,14.0625,3.5625],"tintindex":0,"rotation":0,"texture":"#1"},"up":{"uv":[13.9375,11.1875,13.3125,11.0],"tintindex":0,"rotation":0,"texture":"#1"},"down":{"uv":[13.9375,11.1875,13.3125,11.375],"tintindex":0,"rotation":0,"texture":"#1"}},"rotation":{"origin":[7.865793,3.020378,15.480811],"angle":22.5,"axis":"x"}},{"from":[3.1157932,2.1757545,-0.16933537],"to":[13.115793,14.186188,16.213348],"faces":{"east":{"uv":[4.375,6.25,5.375,7.0],"tintindex":0,"rotation":0,"texture":"#1"},"south":{"uv":[3.9375,8.875,4.5625,9.625],"tintindex":0,"rotation":0,"texture":"#1"},"north":{"uv":[7.5,8.75,8.125,9.5],"tintindex":0,"rotation":0,"texture":"#1"},"west":{"uv":[5.375,6.25,6.375,7.0],"tintindex":0,"rotation":0,"texture":"#1"},"up":{"uv":[7.75,1.625,7.125,0.625],"tintindex":0,"rotation":0,"texture":"#1"},"down":{"uv":[7.75,6.1875,7.125,7.1875],"tintindex":0,"rotation":0,"texture":"#1"}}},{"from":[6.115793,-12.324245,4.0306654],"to":[10.115793,-4.3242455,12.030665],"faces":{"east":{"uv":[11.875,6.25,12.375,6.75],"tintindex":0,"rotation":0,"texture":"#1"},"south":{"uv":[3.8125,13.1875,4.0625,13.6875],"tintindex":0,"rotation":0,"texture":"#1"},"north":{"uv":[8.5625,13.125,8.8125,13.625],"tintindex":0,"rotation":0,"texture":"#1"},"west":{"uv":[11.375,11.875,11.875,12.375],"tintindex":0,"rotation":0,"texture":"#1"},"up":{"uv":[4.3125,13.6875,4.0625,13.1875],"tintindex":0,"rotation":0,"texture":"#1"},"down":{"uv":[6.3125,13.1875,6.0625,13.6875],"tintindex":0,"rotation":0,"texture":"#1"}},"rotation":{"origin":[8.115793,-8.324245,8.030665],"angle":-45.0,"axis":"x"}},{"from":[4.115793,14.175751,1.8306656],"to":[12.115793,15.186188,14.213348],"faces":{"east":{"uv":[14.125,11.5,14.875,11.5625],"tintindex":0,"rotation":0,"texture":"#1"},"south":{"uv":[14.1875,13.5625,14.6875,13.625],"tintindex":0,"rotation":0,"texture":"#1"},"north":{"uv":[14.1875,13.5,14.6875,13.5625],"tintindex":0,"rotation":0,"texture":"#1"},"west":{"uv":[14.125,11.5625,14.875,11.625],"tintindex":0,"rotation":0,"texture":"#1"},"up":{"uv":[10.375,10.125,9.875,9.375],"tintindex":0,"rotation":0,"texture":"#1"},"down":{"uv":[3.5625,9.9375,3.0625,10.6875],"tintindex":0,"rotation":0,"texture":"#1"}}},{"from":[13.201723,1.1757545,4.8306656],"to":[13.951723,15.186188,11.213348],"faces":{"east":{"uv":[10.0,10.6875,10.375,11.5625],"tintindex":0,"rotation":0,"texture":"#1"},"south":{"uv":[12.1875,14.0625,12.25,14.9375],"tintindex":0,"rotation":0,"texture":"#1"},"north":{"uv":[12.125,14.0625,12.1875,14.9375],"tintindex":0,"rotation":0,"texture":"#1"},"west":{"uv":[2.1875,10.75,2.5625,11.625],"tintindex":0,"rotation":0,"texture":"#1"},"up":{"uv":[11.875,14.625,11.8125,14.25],"tintindex":0,"rotation":0,"texture":"#1"},"down":{"uv":[11.9375,14.25,11.875,14.625],"tintindex":0,"rotation":0,"texture":"#1"}},"rotation":{"origin":[13.576723,8.180969,8.022007],"angle":-45.0,"axis":"x"}},{"from":[3.3657932,9.784687,-3.2328835],"to":[12.865793,16.78469,0.767117],"faces":{"east":{"uv":[3.4375,13.375,3.6875,13.8125],"tintindex":0,"rotation":0,"texture":"#1"},"south":{"uv":[11.5,7.8125,12.125,8.25],"tintindex":0,"rotation":0,"texture":"#1"},"north":{"uv":[4.9375,11.5,5.5625,11.9375],"tintindex":0,"rotation":0,"texture":"#1"},"west":{"uv":[4.8125,13.375,5.0625,13.8125],"tintindex":0,"rotation":0,"texture":"#1"},"up":{"uv":[7.875,13.0,7.25,12.75],"tintindex":0,"rotation":0,"texture":"#1"},"down":{"uv":[8.5,12.75,7.875,13.0],"tintindex":0,"rotation":0,"texture":"#1"}},"rotation":{"origin":[11.115793,7.784687,-8.232883],"angle":22.5,"axis":"x"}},{"from":[4.115793,-0.82424545,1.8306656],"to":[12.115793,0.18618774,14.213348],"faces":{"east":{"uv":[14.125,11.625,14.875,11.6875],"tintindex":0,"rotation":0,"texture":"#1"},"south":{"uv":[14.1875,13.6875,14.6875,13.75],"tintindex":0,"rotation":0,"texture":"#1"},"north":{"uv":[14.1875,13.625,14.6875,13.6875],"tintindex":0,"rotation":0,"texture":"#1"},"west":{"uv":[14.125,11.6875,14.875,11.75],"tintindex":0,"rotation":0,"texture":"#1"},"up":{"uv":[5.0,10.6875,4.5,9.9375],"tintindex":0,"rotation":0,"texture":"#1"},"down":{"uv":[10.5625,1.625,10.0625,2.375],"tintindex":0,"rotation":0,"texture":"#1"}}},{"from":[6.115793,-6.8242455,3.8306656],"to":[10.115793,-0.81381226,12.213348],"faces":{"east":{"uv":[12.5,6.5625,13.0,6.9375],"tintindex":0,"rotation":0,"texture":"#1"},"south":{"uv":[13.8125,2.1875,14.0625,2.5625],"tintindex":0,"rotation":0,"texture":"#1"},"north":{"uv":[1.6875,13.8125,1.9375,14.1875],"tintindex":0,"rotation":0,"texture":"#1"},"west":{"uv":[12.5,7.875,13.0,8.25],"tintindex":0,"rotation":0,"texture":"#1"},"up":{"uv":[10.4375,13.5625,10.1875,13.0625],"tintindex":0,"rotation":0,"texture":"#1"},"down":{"uv":[0.25,13.125,0.0,13.625],"tintindex":0,"rotation":0,"texture":"#1"}}},{"from":[3.1157932,0.17575455,0.3306651],"to":[13.115793,1.1861877,15.713348],"faces":{"east":{"uv":[14.0625,9.8125,15.0,9.875],"tintindex":0,"rotation":0,"texture":"#1"},"south":{"uv":[14.1875,5.375,14.8125,5.4375],"tintindex":0,"rotation":0,"texture":"#1"},