{"textures":{"1":"modelengine:entity/martinmech"},"elements":[{"from":[5.4331303,2.0588436,4.25],"to":[12.20685,5.1964316,11.75],"faces":{"east":{"uv":[4.375,5.25,4.875,5.4375],"tintindex":0,"rotation":0,"texture":"#1"},"south":{"uv":[11.1875,3.3125,11.625,3.5],"tintindex":0,"rotation":0,"texture":"#1"},"north":{"uv":[10.375,0.5625,10.8125,0.75],"tintindex":0,"rotation":0,"texture":"#1"},"west":{"uv":[5.625,0.75,6.125,0.9375],"tintindex":0,"rotation":0,"texture":"#1"},"up":{"uv":[12.5,9.625,12.0625,9.125],"tintindex":0,"rotation":0,"texture":"#1"},"down":{"uv":[12.5625,0.0,12.125,0.5],"tintindex":0,"rotation":0,"texture":"#1"}},"rotation":{"origin":[16.511333,0.5895772,8.0],"angle":-45.0,"axis":"z"}},{"from":[7.0280666,5.5874677,12.0],"to":[15.028067,11.587467,13.0],"faces":{"east":{"uv":[5.4375,7.625,5.5,8.0],"tintindex":0,"rotation":0,"texture":"#1"},"south":{"uv":[0.375,12.375,0.875,12.75],"tintindex":0,"rotation":0,"texture":"#1"},"north":{"uv":[8.125,8.75,8.625,9.125],"tintindex":0,"rotation":0,"texture":"#1"},"west":{"uv":[3.875,9.25,3.9375,9.625],"tintindex":0,"rotation":0,"texture":"#1"},"up":{"uv":[11.875,7.5,11.375,7.4375],"tintindex":0,"rotation":0,"texture":"#1"},"down":{"uv":[11.5625,12.75,11.0625,12.8125],"tintindex":0,"rotation":0,"texture":"#1"}}},{"from":[-2.7847672,5.1328545,6.0],"to":[8.215232,7.1328545,10.0],"faces":{"east":{"uv":[6.4375,11.6875,6.6875,11.8125],"tintindex":0,"rotation":0,"texture":"#1"},"south":{"uv":[13.6875,8.375,14.375,8.5],"tintindex":0,"rotation":0,"texture":"#1"},"north":{"uv":[8.5625,5.25,9.25,5.375],"tintindex":0,"rotation":0,"texture":"#1"},"west":{"uv":[11.125,12.1875,11.375,12.3125],"tintindex":0,"rotation":0,"texture":"#1"},"up":{"uv":[13.1875,3.8125,12.5,3.5625],"tintindex":0,"rotation":0,"texture":"#1"},"down":{"uv":[13.3125,11.0,12.625,11.25],"tintindex":0,"rotation":0,"texture":"#1"}},"rotation":{"origin":[-1.7847672,6.1328545,8.0],"angle":22.5,"axis":"z"}},{"from":[-4.4719334,4.5874677,5.0],"to":[11.528067,6.5874677,11.0],"faces":{"east":{"uv":[10.6875,9.1875,11.0625,9.3125],"tintindex":0,"rotation":0,"texture":"#1"},"south":{"uv":[12.875,0.75,13.875,0.875],"tintindex":0,"rotation":0,"texture":"#1"},"north":{"uv":[6.5,3.6875,7.5,3.8125],"tintindex":0,"rotation":0,"texture":"#1"},"west":{"uv":[10.8125,1.1875,11.1875,1.3125],"tintindex":0,"rotation":0,"texture":"#1"},"up":{"uv":[10.1875,1.625,9.1875,1.25],"tintindex":0,"rotation":0,"texture":"#1"},"down":{"uv":[10.6875,9.0,9.6875,9.375],"tintindex":0,"rotation":0,"texture":"#1"}}},{"from":[5.5280666,4.5874677,4.0],"to":[16.528067,12.587467,12.0],"faces":{"east":{"uv":[11.5625,4.6875,12.0625,5.1875],"tintindex":0,"rotation":0,"texture":"#1"},"south":{"uv":[10.375,9.375,11.0625,9.875],"tintindex":0,"rotation":0,"texture":"#1"},"north":{"uv":[8.9375,10.375,9.625,10.875],"tintindex":0,"rotation":0,"texture":"#1"},"west":{"uv":[11.5625,9.125,12.0625,9.625],"tintindex":0,"rotation":0,"texture":"#1"},"up":{"uv":[6.3125,11.0,5.625,10.5],"tintindex":0,"rotation":0,"texture":"#1"},"down":{"uv":[11.1875,9.875,10.5,10.375],"tintindex":0,"rotation":0,"texture":"#1"}}},{"from":[2.2152328,3.1328545,6.0],"to":[8.215232,5.1328545,10.0],"faces":{"east":{"uv":[10.4375,12.5625,10.6875,12.6875],"tintindex":0,"rotation":0,"texture":"#1"},"south":{"uv":[12.3125,0.875,12.6875,1.0],"tintindex":0,"rotation":0,"texture":"#1"},"north":{"uv":[6.0625,12.1875,6.4375,12.3125],"tintindex":0,"rotation":0,"texture":"#1"},"west":{"uv":[6.375,12.6875,6.625,12.8125],"tintindex":0,"rotation":0,"texture":"#1"},"up":{"uv":[14.0,1.9375,13.625,1.6875],"tintindex":0,"rotation":0,"texture":"#1"},"down":{"uv":[14.0,1.9375,13.625,2.1875],"tintindex":0,"rotation":0,"texture":"#1"}},"rotation":{"origin":[-1.7847672,4.1328545,8.0],"angle":22.5,"axis":"z"}},{"from":[1.7152328,3.8828545,6.75],"to":[9.715232,5.8828545,9.25],"faces":{"east":{"uv":[11.0625,5.625,11.25,5.75],"tintindex":0,"rotation":0,"texture":"#1"},"south":{"uv":[14.0625,2.3125,14.5625,2.4375],"tintindex":0,"rotation":0,"texture":"#1"},"north":{"uv":[6.625,0.625,7.125,0.75],"tintindex":0,"rotation":0,"texture":"#1"},"west":{"uv":[8.75,11.8125,8.9375,11.9375],"tintindex":0,"rotation":0,"texture":"#1"},"up":{"uv":[8.0,8.75,7.5,8.5625],"tintindex":0,"rotation":0,"texture":"#1"},"down":{"uv":[14.125,2.6875,13.625,2.875],"tintindex":0,"rotation":0,"texture":"#1"}},"rotation":{"origin":[-0.28476715,4.8828545,8.0],"angle":45.0,"axis":"z"}},{"from":[7.0280666,5.5874677,3.0],"to":[15.028067,11.587467,4.0],"faces":{"east":{"uv":[10.625,8.625,10.6875,9.0],"tintindex":0,"rotation":0,"texture":"#1"},"south":{"uv":[3.375,12.375,3.875,12.75],"tintindex":0,"rotation":0,"texture":"#1"},"north":{"uv":[1.375,12.375,1.875,12.75],"tintindex":0,"rotation":0,"texture":"#1"},"west":{"uv":[0.9375,11.5625,1.0,11.9375],"tintindex":0,"rotation":0,"texture":"#1"},"up":{"uv":[9.3125,14.25,8.8125,14.1875],"tintindex":0,"rotation":0,"texture":"#1"},"down":{"uv":[14.6875,8.875,14.1875,8.9375],"tintindex":0,"rotation":0,"texture":"#1"}}}],"display":{"gui":{"rotation":[30,225,0]}}}