{"textures":{"1":"modelengine:entity/martinmech"},"elements":[{"from":[1.4909983,0.123251915,8.355769],"to":[11.398143,1.7384596,12.855769],"faces":{"east":{"uv":[12.6875,2.375,13.0,2.5],"tintindex":0,"rotation":0,"texture":"#1"},"south":{"uv":[13.875,12.0,14.5,12.125],"tintindex":0,"rotation":0,"texture":"#1"},"north":{"uv":[13.875,6.4375,14.5,6.5625],"tintindex":0,"rotation":0,"texture":"#1"},"west":{"uv":[7.3125,14.125,7.625,14.25],"tintindex":0,"rotation":0,"texture":"#1"},"up":{"uv":[12.9375,10.6875,12.3125,10.375],"tintindex":0,"rotation":0,"texture":"#1"},"down":{"uv":[12.9375,10.6875,12.3125,11.0],"tintindex":0,"rotation":0,"texture":"#1"}}},{"from":[6.4909983,5.123253,0.85576916],"to":[11.398143,8.738459,2.3557692],"faces":{"east":{"uv":[7.25,11.3125,7.375,11.5625],"tintindex":0,"rotation":0,"texture":"#1"},"south":{"uv":[10.6875,11.9375,11.0,12.1875],"tintindex":0,"rotation":0,"texture":"#1"},"north":{"uv":[8.3125,5.9375,8.625,6.1875],"tintindex":0,"rotation":0,"texture":"#1"},"west":{"uv":[12.0625,5.3125,12.1875,5.5625],"tintindex":0,"rotation":0,"texture":"#1"},"up":{"uv":[6.1875,9.75,5.875,9.625],"tintindex":0,"rotation":0,"texture":"#1"},"down":{"uv":[12.125,3.1875,11.8125,3.3125],"tintindex":0,"rotation":0,"texture":"#1"}}},{"from":[-0.50900173,8.623253,0.85576916],"to":[12.398144,12.238459,2.3557692],"faces":{"east":{"uv":[9.4375,3.3125,9.5625,3.5625],"tintindex":0,"rotation":0,"texture":"#1"},"south":{"uv":[12.0625,4.9375,12.875,5.1875],"tintindex":0,"rotation":0,"texture":"#1"},"north":{"uv":[8.625,3.3125,9.4375,3.5625],"tintindex":0,"rotation":0,"texture":"#1"},"west":{"uv":[10.375,9.875,10.5,10.125],"tintindex":0,"rotation":0,"texture":"#1"},"up":{"uv":[14.25,11.0,13.4375,10.875],"tintindex":0,"rotation":0,"texture":"#1"},"down":{"uv":[14.3125,3.8125,13.5,3.9375],"tintindex":0,"rotation":0,"texture":"#1"}}},{"from":[14.05352,8.362896,3.6057692],"to":[16.58505,12.47455,4.605769],"faces":{"east":{"uv":[9.3125,6.375,9.375,6.625],"tintindex":0,"rotation":0,"texture":"#1"},"south":{"uv":[12.5625,14.0625,12.75,14.3125],"tintindex":0,"rotation":0,"texture":"#1"},"north":{"uv":[2.5,12.75,2.6875,13.0],"tintindex":0,"rotation":0,"texture":"#1"},"west":{"uv":[2.125,10.0625,2.1875,10.3125],"tintindex":0,"rotation":0,"texture":"#1"},"up":{"uv":[7.125,8.5625,6.9375,8.5],"tintindex":0,"rotation":0,"texture":"#1"},"down":{"uv":[2.625,9.375,2.4375,9.4375],"tintindex":0,"rotation":0,"texture":"#1"}},"rotation":{"origin":[16.08505,7.8593426,1.6057692],"angle":22.5,"axis":"z"}},{"from":[14.05352,8.362896,10.605769],"to":[16.58505,12.47455,11.605769],"faces":{"east":{"uv":[10.6875,3.5,10.75,3.75],"tintindex":0,"rotation":0,"texture":"#1"},"south":{"uv":[2.0,14.125,2.1875,14.375],"tintindex":0,"rotation":0,"texture":"#1"},"north":{"uv":[0.0,14.125,0.1875,14.375],"tintindex":0,"rotation":0,"texture":"#1"},"west":{"uv":[7.375,10.75,7.4375,11.0],"tintindex":0,"rotation":0,"texture":"#1"},"up":{"uv":[9.875,9.5625,9.6875,9.5],"tintindex":0,"rotation":0,"texture":"#1"},"down":{"uv":[8.125,9.75,7.9375,9.8125],"tintindex":0,"rotation":0,"texture":"#1"}},"rotation":{"origin":[16.08505,7.8593426,8.605769],"angle":22.5,"axis":"z"}},{"from":[-1.5090017,1.6232519,8.355769],"to":[14.398144,13.238459,12.855769],"faces":{"east":{"uv":[10.0,11.5625,10.3125,12.3125],"tintindex":0,"rotation":0,"texture":"#1"},"south":{"uv":[5.625,0.0,6.625,0.75],"tintindex":0,"rotation":0,"texture":"#1"},"north":{"uv":[5.5,3.0625,6.5,3.8125],"tintindex":0,"rotation":0,"texture":"#1"},"west":{"uv":[6.9375,11.8125,7.25,12.5625],"tintindex":0,"rotation":0,"texture":"#1"},"up":{"uv":[11.75,4.6875,10.75,4.375],"tintindex":0,"rotation":0,"texture":"#1"},"down":{"uv":[11.8125,0.5625,10.8125,0.875],"tintindex":0,"rotation":0,"texture":"#1"}}},{"from":[6.4909983,3.1232529,12.855769],"to":[11.398143,6.7384586,14.355769],"faces":{"east":{"uv":[8.625,12.3125,8.75,12.5625],"tintindex":0,"rotation":0,"texture":"#1"},"south":{"uv":[13.875,8.875,14.1875,9.125],"tintindex":0,"rotation":0,"texture":"#1"},"north":{"uv":[7.3125,13.875,7.625,14.125],"tintindex":0,"rotation":0,"texture":"#1"},"west":{"uv":[12.375,7.375,12.5,7.625],"tintindex":0,"rotation":0,"texture":"#1"},"up":{"uv":[12.625,11.125,12.3125,11.0],"tintindex":0,"rotation":0,"texture":"#1"},"down":{"uv":[12.9375,11.75,12.625,11.875],"tintindex":0,"rotation":0,"texture":"#1"}}},{"from":[-2.4814043,4.0450363,8.855769],"to":[1.0185957,12.045036,11.355769],"faces":{"east":{"uv":[3.0625,9.4375,3.25,9.9375],"tintindex":0,"rotation":0,"texture":"#1"},"south":{"uv":[1.0,10.9375,1.25,11.4375],"tintindex":0,"rotation":0,"texture":"#1"},"north":{"uv":[2.1875,10.0625,2.4375,10.5625],"tintindex":0,"rotation":0,"texture":"#1"},"west":{"uv":[10.25,13.5625,10.4375,14.0625],"tintindex":0,"rotation":0,"texture":"#1"},"up":{"uv":[8.0,2.25,7.75,2.0625],"tintindex":0,"rotation":0,"texture":"#1"},"down":{"uv":[5.875,10.3125,5.625,10.5],"tintindex":0,"rotation":0,"texture":"#1"}},"rotation":{"origin":[-3.4814043,7.0450363,13.105769],"angle":22.5,"axis":"z"}},{"from":[10.381337,5.4785824,5.605769],"to":[12.912868,9.590237,9.605769],"faces":{"east":{"uv":[6.125,7.75,6.375,8.0],"tintindex":0,"rotation":0,"texture":"#1"},"south":{"uv":[11.8125,11.125,12.0,11.375],"tintindex":0,"rotation":0,"texture":"#1"},"north":{"uv":[7.9375,9.5,8.125,9.75],"tintindex":0,"rotation":0,"texture":"#1"},"west":{"uv":[5.3125,9.375,5.5625,9.625],"tintindex":0,"rotation":0,"texture":"#1"},"up":{"uv":[10.3125,12.5625,10.125,12.3125],"tintindex":0,"rotation":0,"texture":"#1"},"down":{"uv":[5.3125,12.5625,5.125,12.8125],"tintindex":0,"rotation":0,"texture":"#1"}},"rotation":{"origin":[12.412868,3.975029,7.605769],"angle":-45.0,"axis":"z"}},{"from":[-2.4814043,4.2950363,3.6057692],"to":[1.0185957,12.045036,8.855769],"faces":{"east":{"uv":[9.875,0.75,10.1875,1.25],"tintindex":0,"rotation":0,"texture":"#1"},"south":{"uv":[10.8125,12.9375,11.0625,13.4375],"tintindex":0,"rotation":0,"texture":"#1"},"north":{"uv":[4.875,12.875,5.125,13.375],"tintindex":0,"rotation":0,"texture":"#1"},"west":{"uv":[6.625,12.3125,6.9375,12.8125],"tintindex":0,"rotation":0,"texture":"#1"},"up":{"uv":[7.6875,4.3125,7.4375,4.0],"tintindex":0,"rotation":0,"texture":"#1"},"down":{"uv":[8.0,6.875,7.75,7.1875],"tintindex":0,"rotation":0,"texture":"#1"}},"rotation":{"origin":[-3.4814043,7.0450363,6.605769],"angle":22.5,"axis":"z"}},{"from":[14.05352,7.362896,4.605769],"to":[16.58505,13.47455,10.605769],"faces":{"east":{"uv":[1.75,7.0,2.125,7.375],"tintindex":0,"rotation":0,"texture":"#1"},"south":{"uv":[4.75,11.5625,4.9375,11.9375],"tintindex":0,"rotation":0,"texture":"#1"},"north":{"uv":[6.9375,8.125,7.125,8.5],"tintindex":0,"rotation":0,"texture":"#1"},"west":{"uv":[5.0625,7.625,5.4375,8.0],"tintindex":0,"rotation":0,"texture":"#1"},"up":{"uv":[14.1875,5.6875,14.0,5.3125],"tintindex":0,"rotation":0,"texture":"#1"},"down":{"uv":[14.1875,9.875,14.0,10.25],"tintindex":0,"rotation":0,"texture":"#1"}},"rotation":{"origin":[16.08505,7.8593426,7.605769],"angle":22.5,"axis":"z"}},{"from":[-0.50900173,6.623253,12.855769],"to":[12.398144,12.238459,14.355769],"faces":{"east":{"uv":[6.8125,9.0625,6.9375,9.4375],"tintindex":0,"rotation":0,"texture":"#1"},"south":{"uv":[11.25,1.5625,12.0625,1.9375],"tintindex":0,"rotation":0,"texture":"#1"},"north":{"uv":[11.25,1.1875,12.0625,1.5625],"tintindex":0,"rotation":0,"texture":"#1"},"west":{"uv":[10.5625,2.8125,10.6875,3.1875],"tintindex":0,"rotation":0,"texture":"#1"},"up":{"uv":[14.3125,4.0625,13.5,3.9375],"tintindex":0,"rotation":0,"texture":"#1"},"down":{"uv":[14.3125,5.9375,13.5,6.0625],"tintindex":0,"rotation":0,"texture":"#1"}}},{"from":[-1.5090017,4.623253,2.3557692],"to":[14.398144,13.238459,8.855769],"faces":{"east":{"uv":[8.9375,9.8125,9.375,10.375],"tintindex":0,"rotation":0,"texture":"#1"},"south":{"uv":[3.9375,8.3125,4.9375,8.875],"tintindex":0,"rotation":0,"texture":"#1"},"north":{"uv":[8.0625,2.0625,9.0625,2.625],"tintindex":0,"rotation":0,"texture":"#1"},