{"textures":{"1":"modelengine:entity/martinmech"},"elements":[{"from":[8.532829,12.248268,2.8249998],"to":[14.532829,13.248268,13.175],"faces":{"east":{"uv":[0.1875,14.1875,0.8125,14.25],"tintindex":0,"rotation":0,"texture":"#1"},"south":{"uv":[12.5,8.5625,12.875,8.625],"tintindex":0,"rotation":0,"texture":"#1"},"north":{"uv":[12.5,6.9375,12.875,7.0],"tintindex":0,"rotation":0,"texture":"#1"},"west":{"uv":[14.1875,3.0625,14.8125,3.125],"tintindex":0,"rotation":0,"texture":"#1"},"up":{"uv":[12.375,7.625,12.0,7.0],"tintindex":0,"rotation":0,"texture":"#1"},"down":{"uv":[9.125,12.0,8.75,12.625],"tintindex":0,"rotation":0,"texture":"#1"}},"rotation":{"origin":[11.956709,12.365585,8.0],"angle":-45.0,"axis":"z"}},{"from":[10.75804,4.323349,2.8249998],"to":[16.758041,5.323349,13.175],"faces":{"east":{"uv":[11.625,4.0625,12.25,4.125],"tintindex":0,"rotation":0,"texture":"#1"},"south":{"uv":[11.5,8.25,11.875,8.3125],"tintindex":0,"rotation":0,"texture":"#1"},"north":{"uv":[10.6875,9.3125,11.0625,9.375],"tintindex":0,"rotation":0,"texture":"#1"},"west":{"uv":[14.125,14.0,14.75,14.0625],"tintindex":0,"rotation":0,"texture":"#1"},"up":{"uv":[10.6875,12.5625,10.3125,11.9375],"tintindex":0,"rotation":0,"texture":"#1"},"down":{"uv":[0.375,12.0,0.0,12.625],"tintindex":0,"rotation":0,"texture":"#1"}},"rotation":{"origin":[14.758039,6.323349,7.0],"angle":-45.0,"axis":"z"}},{"from":[3.2573261,10.22559,2.75],"to":[12.742674,12.108273,13.25],"faces":{"east":{"uv":[13.875,0.625,14.5625,0.75],"tintindex":0,"rotation":0,"texture":"#1"},"south":{"uv":[14.0625,2.1875,14.625,2.3125],"tintindex":0,"rotation":0,"texture":"#1"},"north":{"uv":[14.0,13.75,14.5625,13.875],"tintindex":0,"rotation":0,"texture":"#1"},"west":{"uv":[13.875,0.75,14.5625,0.875],"tintindex":0,"rotation":0,"texture":"#1"},"up":{"uv":[10.25,8.3125,9.6875,7.625],"tintindex":0,"rotation":0,"texture":"#1"},"down":{"uv":[10.25,8.3125,9.6875,9.0],"tintindex":0,"rotation":0,"texture":"#1"}}},{"from":[3.2573261,2.7255898,2.75],"to":[12.742674,4.6082726,13.25],"faces":{"east":{"uv":[13.8125,7.3125,14.5,7.4375],"tintindex":0,"rotation":0,"texture":"#1"},"south":{"uv":[14.0,10.25,14.5625,10.375],"tintindex":0,"rotation":0,"texture":"#1"},"north":{"uv":[14.0,5.6875,14.5625,5.8125],"tintindex":0,"rotation":0,"texture":"#1"},"west":{"uv":[13.875,0.5,14.5625,0.625],"tintindex":0,"rotation":0,"texture":"#1"},"up":{"uv":[1.125,10.375,0.5625,9.6875],"tintindex":0,"rotation":0,"texture":"#1"},"down":{"uv":[10.25,6.9375,9.6875,7.625],"tintindex":0,"rotation":0,"texture":"#1"}}},{"from":[3.0073261,2.4755898,2.75],"to":[12.992674,2.8582745,13.25],"faces":{"east":{"uv":[14.125,12.25,14.8125,12.3125],"tintindex":0,"rotation":0,"texture":"#1"},"south":{"uv":[14.1875,3.3125,14.8125,3.375],"tintindex":0,"rotation":0,"texture":"#1"},"north":{"uv":[14.1875,3.25,14.8125,3.3125],"tintindex":0,"rotation":0,"texture":"#1"},"west":{"uv":[14.125,12.3125,14.8125,12.375],"tintindex":0,"rotation":0,"texture":"#1"},"up":{"uv":[8.75,9.8125,8.125,9.125],"tintindex":0,"rotation":0,"texture":"#1"},"down":{"uv":[9.375,9.125,8.75,9.8125],"tintindex":0,"rotation":0,"texture":"#1"}}},{"from":[3.7573261,11.97559,2.75],"to":[12.242674,13.608273,13.25],"faces":{"east":{"uv":[13.875,4.5,14.5625,4.625],"tintindex":0,"rotation":0,"texture":"#1"},"south":{"uv":[8.8125,14.0625,9.3125,14.1875],"tintindex":0,"rotation":0,"texture":"#1"},"north":{"uv":[14.0625,7.1875,14.5625,7.3125],"tintindex":0,"rotation":0,"texture":"#1"},"west":{"uv":[13.875,4.625,14.5625,4.75],"tintindex":0,"rotation":0,"texture":"#1"},"up":{"uv":[11.1875,3.5,10.6875,2.8125],"tintindex":0,"rotation":0,"texture":"#1"},"down":{"uv":[3.5625,10.6875,3.0625,11.375],"tintindex":0,"rotation":0,"texture":"#1"}}},{"from":[4.53806,15.483944,2.75],"to":[11.46194,19.866627,13.25],"faces":{"east":{"uv":[12.6875,0.875,13.375,1.125],"tintindex":0,"rotation":0,"texture":"#1"},"south":{"uv":[2.0,13.375,2.4375,13.625],"tintindex":0,"rotation":0,"texture":"#1"},"north":{"uv":[13.3125,12.125,13.75,12.375],"tintindex":0,"rotation":0,"texture":"#1"},"west":{"uv":[12.6875,1.125,13.375,1.375],"tintindex":0,"rotation":0,"texture":"#1"},"up":{"uv":[6.8125,10.4375,6.375,9.75],"tintindex":0,"rotation":0,"texture":"#1"},"down":{"uv":[2.1875,10.875,1.75,11.5625],"tintindex":0,"rotation":0,"texture":"#1"}}},{"from":[5.7071066,4.7071075,-7.0],"to":[11.707107,10.707108,24.0],"faces":{"east":{"uv":[6.375,5.4375,8.3125,5.8125],"tintindex":0,"rotation":0,"texture":"#1"},"south":{"uv":[12.875,6.1875,13.25,6.5625],"tintindex":0,"rotation":0,"texture":"#1"},"north":{"uv":[4.5,12.875,4.875,13.25],"tintindex":0,"rotation":0,"texture":"#1"},"west":{"uv":[6.375,5.8125,8.3125,6.1875],"tintindex":0,"rotation":0,"texture":"#1"},"up":{"uv":[6.75,8.125,6.375,6.1875],"tintindex":0,"rotation":0,"texture":"#1"},"down":{"uv":[7.125,6.1875,6.75,8.125],"tintindex":0,"rotation":0,"texture":"#1"}},"rotation":{"origin":[8.0,6.0,8.0],"angle":45.0,"axis":"z"}},{"from":[2.8592758,7.164837,2.8000002],"to":[8.859276,8.164837,13.2],"faces":{"east":{"uv":[7.6875,5.375,8.3125,5.4375],"tintindex":0,"rotation":0,"texture":"#1"},"south":{"uv":[4.5625,8.875,4.9375,8.9375],"tintindex":0,"rotation":0,"texture":"#1"},"north":{"uv":[5.125,3.3125,5.5,3.375],"tintindex":0,"rotation":0,"texture":"#1"},"west":{"uv":[9.125,4.8125,9.75,4.875],"tintindex":0,"rotation":0,"texture":"#1"},"up":{"uv":[4.9375,12.5625,4.5625,11.9375],"tintindex":0,"rotation":0,"texture":"#1"},"down":{"uv":[5.3125,11.9375,4.9375,12.5625],"tintindex":0,"rotation":0,"texture":"#1"}},"rotation":{"origin":[0.9353967,8.782154,7.0],"angle":45.0,"axis":"z"}},{"from":[0.24195957,4.323349,2.75],"to":[6.2419596,5.323349,13.25],"faces":{"east":{"uv":[14.125,12.125,14.8125,12.1875],"tintindex":0,"rotation":0,"texture":"#1"},"south":{"uv":[14.25,1.1875,14.625,1.25],"tintindex":0,"rotation":0,"texture":"#1"},"north":{"uv":[14.25,1.125,14.625,1.1875],"tintindex":0,"rotation":0,"texture":"#1"},"west":{"uv":[14.125,12.1875,14.8125,12.25],"tintindex":0,"rotation":0,"texture":"#1"},"up":{"uv":[5.9375,12.1875,5.5625,11.5],"tintindex":0,"rotation":0,"texture":"#1"},"down":{"uv":[11.375,11.5,11.0,12.1875],"tintindex":0,"rotation":0,"texture":"#1"}},"rotation":{"origin":[4.2419596,6.323349,7.0],"angle":-45.0,"axis":"z"}},{"from":[12.8372965,2.4734955,2.8000002],"to":[14.8372965,3.4734955,13.2],"faces":{"east":{"uv":[14.1875,3.125,14.8125,3.1875],"tintindex":0,"rotation":0,"texture":"#1"},"south":{"uv":[10.75,6.875,10.875,6.9375],"tintindex":0,"rotation":0,"texture":"#1"},"north":{"uv":[1.125,10.3125,1.25,10.375],"tintindex":0,"rotation":0,"texture":"#1"},"west":{"uv":[14.1875,3.1875,14.8125,3.25],"tintindex":0,"rotation":0,"texture":"#1"},"up":{"uv":[3.0625,11.375,2.9375,10.75],"tintindex":0,"rotation":0,"texture":"#1"},"down":{"uv":[7.25,13.9375,7.125,14.5625],"tintindex":0,"rotation":0,"texture":"#1"}},"rotation":{"origin":[12.913417,2.5908127,8.0],"angle":45.0,"axis":"z"}},{"from":[5.0,5.0,-7.0],"to":[11.0,11.0,24.0],"faces":{"east":{"uv":[5.5,3.8125,7.4375,4.1875],"tintindex":0,"rotation":0,"texture":"#1"},"south":{"uv":[12.875,3.0625,13.25,3.4375],"tintindex":0,"rotation":0,"texture":"#1"},"north":{"uv":[3.375,12.75,3.75,13.125],"tintindex":0,"rotation":0,"texture":"#1"},"west":{"uv":[6.125,2.25,8.0625,2.625],"tintindex":0,"rotation":0,"texture":"#1"},"up":{"uv":[2.5,7.375,2.125,5.4375],"tintindex":0,"rotation":0,"texture":"#1"},"down":{"uv":[2.875,5.4375,2.5,7.375],"tintindex":0,"rotation":0,"texture":"#1"}}},{"from":[4.6823263,13.60059,2.9],"to":[11.317674,16.233273,13.1],"faces":{"east":{"uv":[13.25,12.875,13.875,13.0625],"tintindex":0,"rotation":0,"texture":"#1"},"south":{"uv":[13.875,8.6875,14.3125,8.875],"tintindex":0,"rotation":0,"texture":"#1"},"north":{"uv":[13.875,8.5,14.3125,8.6875],"tintindex":0,"rotation":0,"texture":"#1"},"west":{"uv":[13.25,13.0625,13.875,13.25],"tintindex":0,"rotation":0,"texture":"#1"},"up":{"uv":[9.375,12.0,8.9375,11.375],"tintindex":0,"rotation":0,"texture":"#1"},