{"textures":{"1":"modelengine:entity/martinmech"},"elements":[{"from":[6.559662,-4.1100273,4.75],"to":[13.559662,17.389973,5.75],"faces":{"east":{"uv":[7.0625,13.5625,7.125,14.9375],"tintindex":0,"rotation":0,"texture":"#1"},"south":{"uv":[2.875,7.3125,3.3125,8.6875],"tintindex":0,"rotation":0,"texture":"#1"},"north":{"uv":[7.125,7.1875,7.5625,8.5625],"tintindex":0,"rotation":0,"texture":"#1"},"west":{"uv":[8.75,13.625,8.8125,15.0],"tintindex":0,"rotation":0,"texture":"#1"},"up":{"uv":[6.5625,2.6875,6.125,2.625],"tintindex":0,"rotation":0,"texture":"#1"},"down":{"uv":[6.8125,10.4375,6.375,10.5],"tintindex":0,"rotation":0,"texture":"#1"}},"rotation":{"origin":[10.059662,4.8899727,6.0],"angle":22.5,"axis":"z"}},{"from":[2.1678905,8.41422,5.75],"to":[6.1678905,14.914219,10.25],"faces":{"east":{"uv":[4.1875,10.25,4.5,10.6875],"tintindex":0,"rotation":0,"texture":"#1"},"south":{"uv":[1.375,11.9375,1.625,12.375],"tintindex":0,"rotation":0,"texture":"#1"},"north":{"uv":[0.875,7.5625,1.125,8.0],"tintindex":0,"rotation":0,"texture":"#1"},"west":{"uv":[5.75,12.8125,6.0625,13.25],"tintindex":0,"rotation":0,"texture":"#1"},"up":{"uv":[9.875,10.6875,9.625,10.375],"tintindex":0,"rotation":0,"texture":"#1"},"down":{"uv":[8.1875,13.875,7.9375,14.1875],"tintindex":0,"rotation":0,"texture":"#1"}},"rotation":{"origin":[3.6678905,11.664219,8.0],"angle":45.0,"axis":"z"}},{"from":[6.559662,-4.1100273,10.25],"to":[13.559662,17.389973,11.25],"faces":{"east":{"uv":[1.9375,13.8125,2.0,15.1875],"tintindex":0,"rotation":0,"texture":"#1"},"south":{"uv":[2.1875,7.375,2.625,8.75],"tintindex":0,"rotation":0,"texture":"#1"},"north":{"uv":[1.75,7.375,2.1875,8.75],"tintindex":0,"rotation":0,"texture":"#1"},"west":{"uv":[7.875,13.8125,7.9375,15.1875],"tintindex":0,"rotation":0,"texture":"#1"},"up":{"uv":[12.6875,4.375,12.25,4.3125],"tintindex":0,"rotation":0,"texture":"#1"},"down":{"uv":[13.8125,2.4375,13.375,2.5],"tintindex":0,"rotation":0,"texture":"#1"}},"rotation":{"origin":[10.059662,4.8899727,11.5],"angle":22.5,"axis":"z"}},{"from":[7.559662,-3.1100273,5.75],"to":[12.559662,17.389973,10.25],"faces":{"east":{"uv":[9.375,6.9375,9.6875,8.25],"tintindex":0,"rotation":0,"texture":"#1"},"south":{"uv":[9.375,8.25,9.6875,9.5625],"tintindex":0,"rotation":0,"texture":"#1"},"north":{"uv":[2.125,8.75,2.4375,10.0625],"tintindex":0,"rotation":0,"texture":"#1"},"west":{"uv":[2.4375,9.4375,2.75,10.75],"tintindex":0,"rotation":0,"texture":"#1"},"up":{"uv":[3.875,10.25,3.5625,9.9375],"tintindex":0,"rotation":0,"texture":"#1"},"down":{"uv":[12.0625,4.375,11.75,4.6875],"tintindex":0,"rotation":0,"texture":"#1"}},"rotation":{"origin":[10.059662,4.8899727,8.0],"angle":22.5,"axis":"z"}}],"display":{"gui":{"rotation":[30,225,0]}}}