{"textures":{"1":"modelengine:entity/martinmech"},"elements":[{"from":[7.559662,-3.1100273,5.75],"to":[12.559662,17.389973,10.25],"faces":{"east":{"uv":[6.8125,9.4375,7.125,10.75],"tintindex":0,"rotation":0,"texture":"#1"},"south":{"uv":[7.125,9.4375,7.4375,10.75],"tintindex":0,"rotation":0,"texture":"#1"},"north":{"uv":[2.75,9.4375,3.0625,10.75],"tintindex":0,"rotation":0,"texture":"#1"},"west":{"uv":[1.25,9.5,1.5625,10.8125],"tintindex":0,"rotation":0,"texture":"#1"},"up":{"uv":[10.25,13.875,9.9375,13.5625],"tintindex":0,"rotation":0,"texture":"#1"},"down":{"uv":[13.9375,0.875,13.625,1.1875],"tintindex":0,"rotation":0,"texture":"#1"}},"rotation":{"origin":[10.059662,4.8899727,8.0],"angle":22.5,"axis":"z"}},{"from":[2.1678886,8.41422,5.75],"to":[6.1678886,14.914219,10.25],"faces":{"east":{"uv":[11.8125,12.8125,12.125,13.25],"tintindex":0,"rotation":0,"texture":"#1"},"south":{"uv":[1.25,13.375,1.5,13.8125],"tintindex":0,"rotation":0,"texture":"#1"},"north":{"uv":[1.0,13.375,1.25,13.8125],"tintindex":0,"rotation":0,"texture":"#1"},"west":{"uv":[8.0,13.0,8.3125,13.4375],"tintindex":0,"rotation":0,"texture":"#1"},"up":{"uv":[14.125,12.8125,13.875,12.5],"tintindex":0,"rotation":0,"texture":"#1"},"down":{"uv":[14.125,12.8125,13.875,13.125],"tintindex":0,"rotation":0,"texture":"#1"}},"rotation":{"origin":[3.6678886,11.664219,8.0],"angle":45.0,"axis":"z"}},{"from":[6.559662,-4.1100273,10.25],"to":[13.559662,17.389973,11.25],"faces":{"east":{"uv":[4.625,13.875,4.6875,15.25],"tintindex":0,"rotation":0,"texture":"#1"},"south":{"uv":[0.4375,7.5625,0.875,8.9375],"tintindex":0,"rotation":0,"texture":"#1"},"north":{"uv":[0.0,7.5625,0.4375,8.9375],"tintindex":0,"rotation":0,"texture":"#1"},"west":{"uv":[4.6875,13.875,4.75,15.25],"tintindex":0,"rotation":0,"texture":"#1"},"up":{"uv":[14.6875,0.9375,14.25,0.875],"tintindex":0,"rotation":0,"texture":"#1"},"down":{"uv":[14.6875,0.9375,14.25,1.0],"tintindex":0,"rotation":0,"texture":"#1"}},"rotation":{"origin":[10.059662,4.8899727,11.5],"angle":22.5,"axis":"z"}},{"from":[6.559662,-4.1100273,4.75],"to":[13.559662,17.389973,5.75],"faces":{"east":{"uv":[4.75,13.875,4.8125,15.25],"tintindex":0,"rotation":0,"texture":"#1"},"south":{"uv":[7.5625,7.1875,8.0,8.5625],"tintindex":0,"rotation":0,"texture":"#1"},"north":{"uv":[7.5625,2.625,8.0,4.0],"tintindex":0,"rotation":0,"texture":"#1"},"west":{"uv":[7.25,13.875,7.3125,15.25],"tintindex":0,"rotation":0,"texture":"#1"},"up":{"uv":[14.6875,1.0625,14.25,1.0],"tintindex":0,"rotation":0,"texture":"#1"},"down":{"uv":[14.6875,1.0625,14.25,1.125],"tintindex":0,"rotation":0,"texture":"#1"}},"rotation":{"origin":[10.059662,4.8899727,6.0],"angle":22.5,"axis":"z"}}],"display":{"gui":{"rotation":[30,225,0]}}}