{"textures":{"1":"modelengine:entity/martinmech"},"elements":[{"from":[0.21907997,2.0776405,3.7734375],"to":[1.3012257,6.692848,12.2734375],"faces":{"east":{"uv":[12.5,8.25,13.0625,8.5625],"tintindex":0,"rotation":0,"texture":"#1"},"south":{"uv":[9.0,1.75,9.0625,2.0625],"tintindex":0,"rotation":0,"texture":"#1"},"north":{"uv":[3.3125,7.3125,3.375,7.625],"tintindex":0,"rotation":0,"texture":"#1"},"west":{"uv":[4.5625,12.5625,5.125,12.875],"tintindex":0,"rotation":0,"texture":"#1"},"up":{"uv":[4.0625,14.75,4.0,14.1875],"tintindex":0,"rotation":0,"texture":"#1"},"down":{"uv":[4.875,14.1875,4.8125,14.75],"tintindex":0,"rotation":0,"texture":"#1"}}},{"from":[-1.7995872,4.0937195,3.5234375],"to":[-0.28479004,18.203266,12.2734375],"faces":{"east":{"uv":[8.5625,4.125,9.125,5.0],"tintindex":0,"rotation":0,"texture":"#1"},"south":{"uv":[2.875,5.4375,3.0,6.3125],"tintindex":0,"rotation":0,"texture":"#1"},"north":{"uv":[1.75,3.625,1.875,4.5],"tintindex":0,"rotation":0,"texture":"#1"},"west":{"uv":[6.9375,8.5625,7.5,9.4375],"tintindex":0,"rotation":0,"texture":"#1"},"up":{"uv":[13.0,14.5625,12.875,14.0],"tintindex":0,"rotation":0,"texture":"#1"},"down":{"uv":[13.125,14.0,13.0,14.5625],"tintindex":0,"rotation":0,"texture":"#1"}},"rotation":{"origin":[-12.28479,5.0937195,8.0234375],"angle":-22.5,"axis":"z"}},{"from":[2.4190807,-3.1723595,5.0234375],"to":[11.326225,1.1928463,11.0234375],"faces":{"east":{"uv":[13.625,1.1875,14.0,1.4375],"tintindex":0,"rotation":0,"texture":"#1"},"south":{"uv":[9.5625,12.75,10.125,13.0],"tintindex":0,"rotation":0,"texture":"#1"},"north":{"uv":[0.3125,12.75,0.875,13.0],"tintindex":0,"rotation":0,"texture":"#1"},"west":{"uv":[13.625,1.4375,14.0,1.6875],"tintindex":0,"rotation":0,"texture":"#1"},"up":{"uv":[8.5625,3.9375,8.0,3.5625],"tintindex":0,"rotation":0,"texture":"#1"},"down":{"uv":[12.875,0.5,12.3125,0.875],"tintindex":0,"rotation":0,"texture":"#1"}}},{"from":[-1.5809193,-0.92235947,3.0234375],"to":[15.326225,2.1928463,13.0234375],"faces":{"east":{"uv":[13.0625,8.375,13.6875,8.5625],"tintindex":0,"rotation":0,"texture":"#1"},"south":{"uv":[12.3125,9.8125,13.375,10.0],"tintindex":0,"rotation":0,"texture":"#1"},"north":{"uv":[12.3125,9.625,13.375,9.8125],"tintindex":0,"rotation":0,"texture":"#1"},"west":{"uv":[13.1875,2.5,13.8125,2.6875],"tintindex":0,"rotation":0,"texture":"#1"},"up":{"uv":[7.5625,3.6875,6.5,3.0625],"tintindex":0,"rotation":0,"texture":"#1"},"down":{"uv":[7.6875,0.0,6.625,0.625],"tintindex":0,"rotation":0,"texture":"#1"}}},{"from":[8.715209,3.5937195,3.2734375],"to":[16.622355,14.708927,12.7734375],"faces":{"east":{"uv":[1.125,4.75,1.75,5.4375],"tintindex":0,"rotation":0,"texture":"#1"},"south":{"uv":[6.3125,10.5,6.8125,11.1875],"tintindex":0,"rotation":0,"texture":"#1"},"north":{"uv":[7.4375,10.3125,7.9375,11.0],"tintindex":0,"rotation":0,"texture":"#1"},"west":{"uv":[5.5625,8.9375,6.1875,9.625],"tintindex":0,"rotation":0,"texture":"#1"},"up":{"uv":[4.0625,11.4375,3.5625,10.8125],"tintindex":0,"rotation":0,"texture":"#1"},"down":{"uv":[1.75,10.875,1.25,11.5],"tintindex":0,"rotation":0,"texture":"#1"}},"rotation":{"origin":[4.6223545,5.0937195,8.0234375],"angle":-22.5,"axis":"z"}},{"from":[8.715209,5.5937195,12.5234375],"to":[12.6223545,12.708927,14.0234375],"faces":{"east":{"uv":[10.25,14.0625,10.375,14.5],"tintindex":0,"rotation":0,"texture":"#1"},"south":{"uv":[13.375,0.875,13.625,1.3125],"tintindex":0,"rotation":0,"texture":"#1"},"north":{"uv":[0.75,13.375,1.0,13.8125],"tintindex":0,"rotation":0,"texture":"#1"},"west":{"uv":[11.0,14.0625,11.125,14.5],"tintindex":0,"rotation":0,"texture":"#1"},"up":{"uv":[14.4375,6.8125,14.1875,6.6875],"tintindex":0,"rotation":0,"texture":"#1"},"down":{"uv":[14.4375,8.25,14.1875,8.375],"tintindex":0,"rotation":0,"texture":"#1"}},"rotation":{"origin":[4.6223545,5.0937195,17.273438],"angle":-22.5,"axis":"z"}},{"from":[1.2940807,2.0776405,3.7734375],"to":[2.4262257,10.192848,12.2734375],"faces":{"east":{"uv":[7.875,11.25,8.4375,11.75],"tintindex":0,"rotation":0,"texture":"#1"},"south":{"uv":[8.125,14.1875,8.1875,14.6875],"tintindex":0,"rotation":0,"texture":"#1"},"north":{"uv":[9.5625,10.875,9.625,11.375],"tintindex":0,"rotation":0,"texture":"#1"},"west":{"uv":[11.25,8.625,11.8125,9.125],"tintindex":0,"rotation":0,"texture":"#1"},"up":{"uv":[3.3125,9.25,3.25,8.6875],"tintindex":0,"rotation":0,"texture":"#1"},"down":{"uv":[4.0,14.1875,3.9375,14.75],"tintindex":0,"rotation":0,"texture":"#1"}}},{"from":[12.71521,8.5937195,6.2734375],"to":[17.622355,14.708927,9.7734375],"faces":{"east":{"uv":[0.375,12.0,0.625,12.375],"tintindex":0,"rotation":0,"texture":"#1"},"south":{"uv":[4.3125,13.25,4.625,13.625],"tintindex":0,"rotation":0,"texture":"#1"},"north":{"uv":[5.0,9.9375,5.3125,10.3125],"tintindex":0,"rotation":0,"texture":"#1"},"west":{"uv":[9.125,12.0,9.375,12.375],"tintindex":0,"rotation":0,"texture":"#1"},"up":{"uv":[12.0625,14.125,11.75,13.875],"tintindex":0,"rotation":0,"texture":"#1"},"down":{"uv":[14.1875,11.75,13.875,12.0],"tintindex":0,"rotation":0,"texture":"#1"}},"rotation":{"origin":[8.6223545,10.0937195,8.0234375],"angle":-22.5,"axis":"z"}},{"from":[-0.79958725,4.0937195,5.5234375],"to":[2.71521,12.203266,10.2734375],"faces":{"east":{"uv":[3.0625,12.5,3.375,13.0],"tintindex":0,"rotation":0,"texture":"#1"},"south":{"uv":[8.9375,13.0,9.1875,13.5],"tintindex":0,"rotation":0,"texture":"#1"},"north":{"uv":[8.3125,13.0,8.5625,13.5],"tintindex":0,"rotation":0,"texture":"#1"},"west":{"uv":[6.9375,12.5625,7.25,13.0625],"tintindex":0,"rotation":0,"texture":"#1"},"up":{"uv":[14.125,9.4375,13.875,9.125],"tintindex":0,"rotation":0,"texture":"#1"},"down":{"uv":[10.1875,13.875,9.9375,14.1875],"tintindex":0,"rotation":0,"texture":"#1"}}},{"from":[2.4190807,2.0776405,3.7734375],"to":[12.576225,11.192848,12.2734375],"faces":{"east":{"uv":[10.6875,5.75,11.25,6.3125],"tintindex":0,"rotation":0,"texture":"#1"},"south":{"uv":[10.0625,3.1875,10.6875,3.75],"tintindex":0,"rotation":0,"texture":"#1"},"north":{"uv":[9.9375,2.625,10.5625,3.1875],"tintindex":0,"rotation":0,"texture":"#1"},"west":{"uv":[10.6875,8.625,11.25,9.1875],"tintindex":0,"rotation":0,"texture":"#1"},"up":{"uv":[10.6875,5.8125,10.0625,5.25],"tintindex":0,"rotation":0,"texture":"#1"},"down":{"uv":[10.6875,5.8125,10.0625,6.375],"tintindex":0,"rotation":0,"texture":"#1"}}},{"from":[2.4190807,2.0776405,11.7734375],"to":[12.576225,11.192848,14.2734375],"faces":{"east":{"uv":[10.8125,13.4375,11.0,14.0],"tintindex":0,"rotation":0,"texture":"#1"},"south":{"uv":[9.875,10.125,10.5,10.6875],"tintindex":0,"rotation":0,"texture":"#1"},"north":{"uv":[10.125,6.375,10.75,6.9375],"tintindex":0,"rotation":0,"texture":"#1"},"west":{"uv":[12.875,13.4375,13.0625,14.0],"tintindex":0,"rotation":0,"texture":"#1"},"up":{"uv":[13.875,3.4375,13.25,3.25],"tintindex":0,"rotation":0,"texture":"#1"},"down":{"uv":[13.875,6.1875,13.25,6.375],"tintindex":0,"rotation":0,"texture":"#1"}}},{"from":[2.4190807,10.577641,3.0234375],"to":[14.326225,13.192848,13.0234375],"faces":{"east":{"uv":[13.1875,4.75,13.8125,4.9375],"tintindex":0,"rotation":0,"texture":"#1"},"south":{"uv":[11.0625,12.8125,11.8125,13.0],"tintindex":0,"rotation":0,"texture":"#1"},"north":{"uv":[12.6875,4.5625,13.4375,4.75],"tintindex":0,"rotation":0,"texture":"#1"},"west":{"uv":[13.25,3.0625,13.875,3.25],"tintindex":0,"rotation":0,"texture":"#1"},"up":{"uv":[9.375,7.25,8.625,6.625],"tintindex":0,"rotation":0,"texture":"#1"},"down":{"uv":[9.375,7.25,8.625,7.875],"tintindex":0,"rotation":0,"texture":"#1"}}},{"from":[2.4190807,2.0776405,1.7734375],"to":[12.576225,11.192848,4.2734375],"faces":{"east":{"uv":[13.0625,13.4375,13.25,14.0],"tintindex":0,"rotation":0,"texture":"#1"},"south":{"uv":[3.5625,10.25,4.1875,10.8125],"tintindex":0,"rotation":0,"texture":"#1"},"north":{"uv":[10.1875,0.75,10.8125,1.3125],"tintindex":0,"rotation":0,"texture":"#1"},"west":{"uv":[13.25,13.4375,13.4375,14.0],"tintindex":0,"rotation":0,"texture":"#1"},"up":{"uv":[13.875,6.5625,13.25,6.375],"tintindex":0,"rotation":0,