{"textures":{"1":"modelengine:entity/martinmech"},"elements":[{"from":[3.1342068,0.5203934,-0.7903509],"to":[12.634207,8.66684,2.5632029],"faces":{"east":{"uv":[8.5625,13.625,8.75,14.125],"tintindex":0,"rotation":0,"texture":"#1"},"south":{"uv":[8.9375,10.875,9.5625,11.375],"tintindex":0,"rotation":0,"texture":"#1"},"north":{"uv":[10.875,7.8125,11.5,8.3125],"tintindex":0,"rotation":0,"texture":"#1"},"west":{"uv":[13.625,13.375,13.8125,13.875],"tintindex":0,"rotation":0,"texture":"#1"},"up":{"uv":[13.9375,0.3125,13.3125,0.125],"tintindex":0,"rotation":0,"texture":"#1"},"down":{"uv":[13.9375,4.3125,13.3125,4.5],"tintindex":0,"rotation":0,"texture":"#1"}},"rotation":{"origin":[7.884207,3.0203934,0.56320333],"angle":-22.5,"axis":"x"}},{"from":[2.8842068,2.1757698,-0.16933537],"to":[12.884207,14.186203,16.213348],"faces":{"east":{"uv":[3.375,6.1875,4.375,6.9375],"tintindex":0,"rotation":0,"texture":"#1"},"south":{"uv":[1.5,8.75,2.125,9.5],"tintindex":0,"rotation":0,"texture":"#1"},"north":{"uv":[2.625,8.6875,3.25,9.4375],"tintindex":0,"rotation":0,"texture":"#1"},"west":{"uv":[1.125,6.25,2.125,7.0],"tintindex":0,"rotation":0,"texture":"#1"},"up":{"uv":[1.75,8.0,1.125,7.0],"tintindex":0,"rotation":0,"texture":"#1"},"down":{"uv":[6.125,7.0,5.5,8.0],"tintindex":0,"rotation":0,"texture":"#1"}}},{"from":[2.8842068,1.1757698,0.3306651],"to":[12.884207,2.186203,15.713348],"faces":{"east":{"uv":[14.0625,3.75,15.0,3.8125],"tintindex":0,"rotation":0,"texture":"#1"},"south":{"uv":[14.1875,3.5625,14.8125,3.625],"tintindex":0,"rotation":0,"texture":"#1"},"north":{"uv":[14.1875,3.5,14.8125,3.5625],"tintindex":0,"rotation":0,"texture":"#1"},"west":{"uv":[14.0625,9.75,15.0,9.8125],"tintindex":0,"rotation":0,"texture":"#1"},"up":{"uv":[5.6875,8.9375,5.0625,8.0],"tintindex":0,"rotation":0,"texture":"#1"},"down":{"uv":[6.3125,8.0,5.6875,8.9375],"tintindex":0,"rotation":0,"texture":"#1"}}},{"from":[2.048277,1.1757698,4.8306656],"to":[2.798277,15.186203,11.213348],"faces":{"east":{"uv":[10.6875,4.875,11.0625,5.75],"tintindex":0,"rotation":0,"texture":"#1"},"south":{"uv":[11.6875,14.0625,11.75,14.9375],"tintindex":0,"rotation":0,"texture":"#1"},"north":{"uv":[11.625,14.0625,11.6875,14.9375],"tintindex":0,"rotation":0,"texture":"#1"},"west":{"uv":[9.625,10.6875,10.0,11.5625],"tintindex":0,"rotation":0,"texture":"#1"},"up":{"uv":[5.3125,14.625,5.25,14.25],"tintindex":0,"rotation":0,"texture":"#1"},"down":{"uv":[5.375,14.25,5.3125,14.625],"tintindex":0,"rotation":0,"texture":"#1"}},"rotation":{"origin":[2.423277,8.1809845,8.022007],"angle":-45.0,"axis":"x"}},{"from":[3.1342068,9.784702,-3.2328835],"to":[12.634207,16.784706,0.767117],"faces":{"east":{"uv":[2.4375,13.375,2.6875,13.8125],"tintindex":0,"rotation":0,"texture":"#1"},"south":{"uv":[3.4375,11.4375,4.0625,11.875],"tintindex":0,"rotation":0,"texture":"#1"},"north":{"uv":[11.375,7.0,12.0,7.4375],"tintindex":0,"rotation":0,"texture":"#1"},"west":{"uv":[2.6875,13.375,2.9375,13.8125],"tintindex":0,"rotation":0,"texture":"#1"},"up":{"uv":[13.3125,4.5625,12.6875,4.3125],"tintindex":0,"rotation":0,"texture":"#1"},"down":{"uv":[11.0625,12.6875,10.4375,12.9375],"tintindex":0,"rotation":0,"texture":"#1"}},"rotation":{"origin":[4.884207,7.7847023,-8.232883],"angle":22.5,"axis":"x"}},{"from":[3.8842068,14.175766,1.8306656],"to":[11.884207,15.186203,14.213348],"faces":{"east":{"uv":[11.0,0.5,11.75,0.5625],"tintindex":0,"rotation":0,"texture":"#1"},"south":{"uv":[14.1875,11.25,14.6875,11.3125],"tintindex":0,"rotation":0,"texture":"#1"},"north":{"uv":[14.1875,10.1875,14.6875,10.25],"tintindex":0,"rotation":0,"texture":"#1"},"west":{"uv":[14.125,9.375,14.875,9.4375],"tintindex":0,"rotation":0,"texture":"#1"},"up":{"uv":[6.375,10.5,5.875,9.75],"tintindex":0,"rotation":0,"texture":"#1"},"down":{"uv":[8.4375,9.8125,7.9375,10.5625],"tintindex":0,"rotation":0,"texture":"#1"}}},{"from":[3.1342068,9.784702,15.276897],"to":[12.634207,16.784706,19.276897],"faces":{"east":{"uv":[2.9375,13.375,3.1875,13.8125],"tintindex":0,"rotation":0,"texture":"#1"},"south":{"uv":[1.0,11.5,1.625,11.9375],"tintindex":0,"rotation":0,"texture":"#1"},"north":{"uv":[11.375,11.4375,12.0,11.875],"tintindex":0,"rotation":0,"texture":"#1"},"west":{"uv":[3.1875,13.375,3.4375,13.8125],"tintindex":0,"rotation":0,"texture":"#1"},"up":{"uv":[1.875,13.0,1.25,12.75],"tintindex":0,"rotation":0,"texture":"#1"},"down":{"uv":[2.5,12.75,1.875,13.0],"tintindex":0,"rotation":0,"texture":"#1"}},"rotation":{"origin":[5.134207,7.7847023,24.276897],"angle":-22.5,"axis":"x"}},{"from":[12.884207,5.17577,2.8306656],"to":[13.884207,11.186203,13.213348],"faces":{"east":{"uv":[11.875,8.25,12.5,8.625],"tintindex":0,"rotation":0,"texture":"#1"},"south":{"uv":[0.6875,14.25,0.75,14.625],"tintindex":0,"rotation":0,"texture":"#1"},"north":{"uv":[6.3125,13.1875,6.375,13.5625],"tintindex":0,"rotation":0,"texture":"#1"},"west":{"uv":[12.0,11.125,12.625,11.5],"tintindex":0,"rotation":0,"texture":"#1"},"up":{"uv":[7.75,0.625,7.6875,0.0],"tintindex":0,"rotation":0,"texture":"#1"},"down":{"uv":[12.8125,14.0625,12.75,14.6875],"tintindex":0,"rotation":0,"texture":"#1"}}},{"from":[3.1342068,0.5203934,13.480811],"to":[12.634207,8.66684,16.834364],"faces":{"east":{"uv":[3.6875,13.6875,3.875,14.1875],"tintindex":0,"rotation":0,"texture":"#1"},"south":{"uv":[5.4375,11.0,6.0625,11.5],"tintindex":0,"rotation":0,"texture":"#1"},"north":{"uv":[11.0,0.0,11.625,0.5],"tintindex":0,"rotation":0,"texture":"#1"},"west":{"uv":[3.875,13.6875,4.0625,14.1875],"tintindex":0,"rotation":0,"texture":"#1"},"up":{"uv":[13.9375,8.0625,13.3125,7.875],"tintindex":0,"rotation":0,"texture":"#1"},"down":{"uv":[13.9375,8.0625,13.3125,8.25],"tintindex":0,"rotation":0,"texture":"#1"}},"rotation":{"origin":[8.134207,3.0203934,15.480811],"angle":22.5,"axis":"x"}},{"from":[1.7982769,5.17577,2.8306656],"to":[2.798277,11.186203,13.213348],"faces":{"east":{"uv":[12.0,11.5,12.625,11.875],"tintindex":0,"rotation":0,"texture":"#1"},"south":{"uv":[5.1875,14.25,5.25,14.625],"tintindex":0,"rotation":0,"texture":"#1"},"north":{"uv":[5.125,14.25,5.1875,14.625],"tintindex":0,"rotation":0,"texture":"#1"},"west":{"uv":[12.0625,1.0,12.6875,1.375],"tintindex":0,"rotation":0,"texture":"#1"},"up":{"uv":[8.6875,14.75,8.625,14.125],"tintindex":0,"rotation":0,"texture":"#1"},"down":{"uv":[8.75,14.125,8.6875,14.75],"tintindex":0,"rotation":0,"texture":"#1"}}},{"from":[5.884207,-6.82423,4.8306656],"to":[9.884207,-0.813797,11.213348],"faces":{"east":{"uv":[12.875,12.875,13.25,13.25],"tintindex":0,"rotation":0,"texture":"#1"},"south":{"uv":[0.1875,13.8125,0.4375,14.1875],"tintindex":0,"rotation":0,"texture":"#1"},"north":{"uv":[6.0625,13.6875,6.3125,14.0625],"tintindex":0,"rotation":0,"texture":"#1"},"west":{"uv":[12.9375,0.0,13.3125,0.375],"tintindex":0,"rotation":0,"texture":"#1"},"up":{"uv":[0.6875,14.1875,0.4375,13.8125],"tintindex":0,"rotation":0,"texture":"#1"},"down":{"uv":[0.9375,13.8125,0.6875,14.1875],"tintindex":0,"rotation":0,"texture":"#1"}},"rotation":{"origin":[7.884207,-2.8190155,8.022007],"angle":45.0,"axis":"y"}},{"from":[2.8842068,0.1757698,0.3306651],"to":[12.884207,1.186203,15.713348],"faces":{"east":{"uv":[3.375,6.9375,4.3125,7.0],"tintindex":0,"rotation":0,"texture":"#1"},"south":{"uv":[14.1875,3.4375,14.8125,3.5],"tintindex":0,"rotation":0,"texture":"#1"},"north":{"uv":[14.1875,3.375,14.8125,3.4375],"tintindex":0,"rotation":0,"texture":"#1"},"west":{"uv":[13.9375,11.3125,14.875,11.375],"tintindex":0,"rotation":0,"texture":"#1"},"up":{"uv":[1.5,8.9375,0.875,8.0],"tintindex":0,"rotation":0,"texture":"#1"},"down":{"uv":[8.625,2.625,8.0,3.5625],"tintindex":0,"rotation":0,"texture":"#1"}}},{"from":[5.884207,-6.82423,3.8306656],"to":[9.884207,-0.813797,12.213348],"faces":{"east":{"uv":[11.125,12.375,11.625,12.75],"tintindex":0,"rotation":0,"texture":"#1"},"south":{"uv":[4.0625,13.6875,4.3125,14.0625],"tintindex":0,"rotation":0,"texture":"#1"},"north":{"uv":[13.625,11.75,13.875,12.125],"tintindex":0,"rotation":0,"texture":"#1"},