{"textures":{"1":"modelengine:entity/martinmech"},"elements":[{"from":[2.2152328,3.1328545,6.0],"to":[8.215233,5.1328545,10.0],"faces":{"east":{"uv":[14.1875,11.875,14.4375,12.0],"tintindex":0,"rotation":0,"texture":"#1"},"south":{"uv":[14.125,9.25,14.5,9.375],"tintindex":0,"rotation":0,"texture":"#1"},"north":{"uv":[14.125,9.125,14.5,9.25],"tintindex":0,"rotation":0,"texture":"#1"},"west":{"uv":[14.1875,12.375,14.4375,12.5],"tintindex":0,"rotation":0,"texture":"#1"},"up":{"uv":[7.625,13.875,7.25,13.625],"tintindex":0,"rotation":0,"texture":"#1"},"down":{"uv":[12.125,13.625,11.75,13.875],"tintindex":0,"rotation":0,"texture":"#1"}},"rotation":{"origin":[-1.7847672,4.1328545,8.0],"angle":22.5,"axis":"z"}},{"from":[1.7152328,3.8828545,6.75],"to":[9.715233,5.8828545,9.25],"faces":{"east":{"uv":[12.3125,3.0625,12.5,3.1875],"tintindex":0,"rotation":0,"texture":"#1"},"south":{"uv":[14.0625,3.625,14.5625,3.75],"tintindex":0,"rotation":0,"texture":"#1"},"north":{"uv":[14.0625,2.4375,14.5625,2.5625],"tintindex":0,"rotation":0,"texture":"#1"},"west":{"uv":[12.3125,9.0,12.5,9.125],"tintindex":0,"rotation":0,"texture":"#1"},"up":{"uv":[14.125,3.0625,13.625,2.875],"tintindex":0,"rotation":0,"texture":"#1"},"down":{"uv":[14.125,4.9375,13.625,5.125],"tintindex":0,"rotation":0,"texture":"#1"}},"rotation":{"origin":[-0.28476715,4.8828545,8.0],"angle":45.0,"axis":"z"}},{"from":[5.5280685,4.5874677,4.0],"to":[16.528069,12.587467,12.0],"faces":{"east":{"uv":[11.625,0.0,12.125,0.5],"tintindex":0,"rotation":0,"texture":"#1"},"south":{"uv":[10.5625,1.3125,11.25,1.8125],"tintindex":0,"rotation":0,"texture":"#1"},"north":{"uv":[10.5,10.375,11.1875,10.875],"tintindex":0,"rotation":0,"texture":"#1"},"west":{"uv":[1.9375,11.625,2.4375,12.125],"tintindex":0,"rotation":0,"texture":"#1"},"up":{"uv":[11.25,2.3125,10.5625,1.8125],"tintindex":0,"rotation":0,"texture":"#1"},"down":{"uv":[11.25,2.3125,10.5625,2.8125],"tintindex":0,"rotation":0,"texture":"#1"}}},{"from":[5.433132,2.0588436,4.25],"to":[12.206856,5.1964316,11.75],"faces":{"east":{"uv":[13.625,11.375,14.125,11.5625],"tintindex":0,"rotation":0,"texture":"#1"},"south":{"uv":[13.875,7.625,14.3125,7.8125],"tintindex":0,"rotation":0,"texture":"#1"},"north":{"uv":[13.875,7.4375,14.3125,7.625],"tintindex":0,"rotation":0,"texture":"#1"},"west":{"uv":[13.625,11.5625,14.125,11.75],"tintindex":0,"rotation":0,"texture":"#1"},"up":{"uv":[11.125,12.6875,10.6875,12.1875],"tintindex":0,"rotation":0,"texture":"#1"},"down":{"uv":[8.0625,12.25,7.625,12.75],"tintindex":0,"rotation":0,"texture":"#1"}},"rotation":{"origin":[16.511337,0.5895772,8.0],"angle":-45.0,"axis":"z"}},{"from":[-2.7847672,5.1328545,6.0],"to":[8.215233,7.1328545,10.0],"faces":{"east":{"uv":[9.9375,14.1875,10.1875,14.3125],"tintindex":0,"rotation":0,"texture":"#1"},"south":{"uv":[13.8125,4.75,14.5,4.875],"tintindex":0,"rotation":0,"texture":"#1"},"north":{"uv":[13.8125,2.5625,14.5,2.6875],"tintindex":0,"rotation":0,"texture":"#1"},"west":{"uv":[14.1875,9.9375,14.4375,10.0625],"tintindex":0,"rotation":0,"texture":"#1"},"up":{"uv":[13.3125,11.5,12.625,11.25],"tintindex":0,"rotation":0,"texture":"#1"},"down":{"uv":[13.3125,11.5,12.625,11.75],"tintindex":0,"rotation":0,"texture":"#1"}},"rotation":{"origin":[-1.7847672,6.1328545,8.0],"angle":22.5,"axis":"z"}},{"from":[-4.4719315,4.5874677,5.0],"to":[11.528069,6.5874677,11.0],"faces":{"east":{"uv":[14.125,5.0,14.5,5.125],"tintindex":0,"rotation":0,"texture":"#1"},"south":{"uv":[12.875,9.3125,13.875,9.4375],"tintindex":0,"rotation":0,"texture":"#1"},"north":{"uv":[12.875,3.4375,13.875,3.5625],"tintindex":0,"rotation":0,"texture":"#1"},"west":{"uv":[5.0625,14.125,5.4375,14.25],"tintindex":0,"rotation":0,"texture":"#1"},"up":{"uv":[10.75,4.5,9.75,4.125],"tintindex":0,"rotation":0,"texture":"#1"},"down":{"uv":[10.75,4.5,9.75,4.875],"tintindex":0,"rotation":0,"texture":"#1"}}},{"from":[7.0280685,5.5874677,3.0],"to":[15.028069,11.587467,4.0],"faces":{"east":{"uv":[1.875,12.375,1.9375,12.75],"tintindex":0,"rotation":0,"texture":"#1"},"south":{"uv":[9.625,12.375,10.125,12.75],"tintindex":0,"rotation":0,"texture":"#1"},"north":{"uv":[9.125,12.375,9.625,12.75],"tintindex":0,"rotation":0,"texture":"#1"},"west":{"uv":[13.0,7.875,13.0625,8.25],"tintindex":0,"rotation":0,"texture":"#1"},"up":{"uv":[14.6875,9.125,14.1875,9.0625],"tintindex":0,"rotation":0,"texture":"#1"},"down":{"uv":[14.6875,9.875,14.1875,9.9375],"tintindex":0,"rotation":0,"texture":"#1"}}},{"from":[7.0280685,5.5874677,12.0],"to":[15.028069,11.587467,13.0],"faces":{"east":{"uv":[10.3125,11.5625,10.375,11.9375],"tintindex":0,"rotation":0,"texture":"#1"},"south":{"uv":[12.375,7.0,12.875,7.375],"tintindex":0,"rotation":0,"texture":"#1"},"north":{"uv":[12.375,6.1875,12.875,6.5625],"tintindex":0,"rotation":0,"texture":"#1"},"west":{"uv":[3.375,11.9375,3.4375,12.3125],"tintindex":0,"rotation":0,"texture":"#1"},"up":{"uv":[14.6875,9.0,14.1875,8.9375],"tintindex":0,"rotation":0,"texture":"#1"},"down":{"uv":[14.6875,9.0,14.1875,9.0625],"tintindex":0,"rotation":0,"texture":"#1"}}}],"display":{"gui":{"rotation":[30,225,0]}}}