{"textures":{"1":"modelengine:entity/martinmech"},"elements":[{"from":[-0.5090065,8.623253,13.548077],"to":[12.39814,12.238459,15.048077],"faces":{"east":{"uv":[8.8125,13.125,8.9375,13.375],"tintindex":0,"rotation":0,"texture":"#1"},"south":{"uv":[12.25,4.0625,13.0625,4.3125],"tintindex":0,"rotation":0,"texture":"#1"},"north":{"uv":[12.1875,5.9375,13.0,6.1875],"tintindex":0,"rotation":0,"texture":"#1"},"west":{"uv":[5.9375,13.25,6.0625,13.5],"tintindex":0,"rotation":0,"texture":"#1"},"up":{"uv":[14.375,4.1875,13.5625,4.0625],"tintindex":0,"rotation":0,"texture":"#1"},"down":{"uv":[14.375,4.1875,13.5625,4.3125],"tintindex":0,"rotation":0,"texture":"#1"}}},{"from":[14.05352,8.362896,11.298077],"to":[16.585045,12.47455,12.298077],"faces":{"east":{"uv":[14.3125,5.9375,14.375,6.1875],"tintindex":0,"rotation":0,"texture":"#1"},"south":{"uv":[5.875,14.125,6.0625,14.375],"tintindex":0,"rotation":0,"texture":"#1"},"north":{"uv":[5.4375,14.125,5.625,14.375],"tintindex":0,"rotation":0,"texture":"#1"},"west":{"uv":[14.3125,6.9375,14.375,7.1875],"tintindex":0,"rotation":0,"texture":"#1"},"up":{"uv":[2.125,11.625,1.9375,11.5625],"tintindex":0,"rotation":0,"texture":"#1"},"down":{"uv":[8.4375,11.75,8.25,11.8125],"tintindex":0,"rotation":0,"texture":"#1"}},"rotation":{"origin":[16.085045,7.8593426,9.298077],"angle":22.5,"axis":"z"}},{"from":[6.4909935,3.1232529,1.5480766],"to":[11.39814,6.7384586,3.0480766],"faces":{"east":{"uv":[1.25,12.5,1.375,12.75],"tintindex":0,"rotation":0,"texture":"#1"},"south":{"uv":[10.4375,13.9375,10.75,14.1875],"tintindex":0,"rotation":0,"texture":"#1"},"north":{"uv":[13.9375,10.375,14.25,10.625],"tintindex":0,"rotation":0,"texture":"#1"},"west":{"uv":[8.5,12.75,8.625,13.0],"tintindex":0,"rotation":0,"texture":"#1"},"up":{"uv":[14.4375,12.875,14.125,12.75],"tintindex":0,"rotation":0,"texture":"#1"},"down":{"uv":[14.4375,12.875,14.125,13.0],"tintindex":0,"rotation":0,"texture":"#1"}}},{"from":[-2.4814072,4.2950363,4.2980766],"to":[1.0185928,12.045036,9.548077],"faces":{"east":{"uv":[8.625,12.625,8.9375,13.125],"tintindex":0,"rotation":0,"texture":"#1"},"south":{"uv":[12.375,13.0,12.625,13.5],"tintindex":0,"rotation":0,"texture":"#1"},"north":{"uv":[12.125,13.0,12.375,13.5],"tintindex":0,"rotation":0,"texture":"#1"},"west":{"uv":[12.6875,1.375,13.0,1.875],"tintindex":0,"rotation":0,"texture":"#1"},"up":{"uv":[14.1875,11.3125,13.9375,11.0],"tintindex":0,"rotation":0,"texture":"#1"},"down":{"uv":[14.25,1.125,14.0,1.4375],"tintindex":0,"rotation":0,"texture":"#1"}},"rotation":{"origin":[-3.4814072,7.0450363,7.2980766],"angle":22.5,"axis":"z"}},{"from":[-2.4814072,4.0450363,9.548077],"to":[1.0185928,12.045036,12.048077],"faces":{"east":{"uv":[5.875,13.625,6.0625,14.125],"tintindex":0,"rotation":0,"texture":"#1"},"south":{"uv":[5.125,13.0625,5.375,13.5625],"tintindex":0,"rotation":0,"texture":"#1"},"north":{"uv":[12.625,13.0,12.875,13.5],"tintindex":0,"rotation":0,"texture":"#1"},"west":{"uv":[13.625,6.9375,13.8125,7.4375],"tintindex":0,"rotation":0,"texture":"#1"},"up":{"uv":[11.8125,9.8125,11.5625,9.625],"tintindex":0,"rotation":0,"texture":"#1"},"down":{"uv":[12.0625,1.0,11.8125,1.1875],"tintindex":0,"rotation":0,"texture":"#1"}},"rotation":{"origin":[-3.4814072,7.0450363,13.798077],"angle":22.5,"axis":"z"}},{"from":[-1.5090065,4.623253,7.0480766],"to":[14.39814,13.238459,13.548077],"faces":{"east":{"uv":[0.9375,11.9375,1.375,12.5],"tintindex":0,"rotation":0,"texture":"#1"},"south":{"uv":[8.5625,3.5625,9.5625,4.125],"tintindex":0,"rotation":0,"texture":"#1"},"north":{"uv":[8.3125,5.375,9.3125,5.9375],"tintindex":0,"rotation":0,"texture":"#1"},"west":{"uv":[2.9375,11.9375,3.375,12.5],"tintindex":0,"rotation":0,"texture":"#1"},"up":{"uv":[10.0625,2.1875,9.0625,1.75],"tintindex":0,"rotation":0,"texture":"#1"},"down":{"uv":[10.0625,2.1875,9.0625,2.625],"tintindex":0,"rotation":0,"texture":"#1"}}},{"from":[1.4909935,0.123251915,2.5480766],"to":[11.39814,1.7384596,7.0480766],"faces":{"east":{"uv":[11.75,14.125,12.0625,14.25],"tintindex":0,"rotation":0,"texture":"#1"},"south":{"uv":[13.9375,0.125,14.5625,0.25],"tintindex":0,"rotation":0,"texture":"#1"},"north":{"uv":[13.875,13.125,14.5,13.25],"tintindex":0,"rotation":0,"texture":"#1"},"west":{"uv":[14.125,12.625,14.4375,12.75],"tintindex":0,"rotation":0,"texture":"#1"},"up":{"uv":[12.9375,12.1875,12.3125,11.875],"tintindex":0,"rotation":0,"texture":"#1"},"down":{"uv":[12.9375,12.1875,12.3125,12.5],"tintindex":0,"rotation":0,"texture":"#1"}}},{"from":[-1.5090065,1.6232519,2.5480766],"to":[14.39814,13.238459,7.0480766],"faces":{"east":{"uv":[3.9375,11.9375,4.25,12.6875],"tintindex":0,"rotation":0,"texture":"#1"},"south":{"uv":[6.125,1.5,7.125,2.25],"tintindex":0,"rotation":0,"texture":"#1"},"north":{"uv":[6.125,0.75,7.125,1.5],"tintindex":0,"rotation":0,"texture":"#1"},"west":{"uv":[4.25,11.9375,4.5625,12.6875],"tintindex":0,"rotation":0,"texture":"#1"},"up":{"uv":[11.8125,1.1875,10.8125,0.875],"tintindex":0,"rotation":0,"texture":"#1"},"down":{"uv":[11.875,7.5,10.875,7.8125],"tintindex":0,"rotation":0,"texture":"#1"}}},{"from":[6.4909935,5.123253,13.548077],"to":[11.39814,8.738459,15.048077],"faces":{"east":{"uv":[3.6875,13.375,3.8125,13.625],"tintindex":0,"rotation":0,"texture":"#1"},"south":{"uv":[14.0,1.6875,14.3125,1.9375],"tintindex":0,"rotation":0,"texture":"#1"},"north":{"uv":[14.0,1.4375,14.3125,1.6875],"tintindex":0,"rotation":0,"texture":"#1"},"west":{"uv":[10.5625,14.1875,10.6875,14.4375],"tintindex":0,"rotation":0,"texture":"#1"},"up":{"uv":[14.4375,13.125,14.125,13.0],"tintindex":0,"rotation":0,"texture":"#1"},"down":{"uv":[14.4375,13.875,14.125,14.0],"tintindex":0,"rotation":0,"texture":"#1"}}},{"from":[14.05352,7.362896,5.2980766],"to":[16.585045,13.47455,11.298077],"faces":{"east":{"uv":[10.25,8.625,10.625,9.0],"tintindex":0,"rotation":0,"texture":"#1"},"south":{"uv":[14.0,13.375,14.1875,13.75],"tintindex":0,"rotation":0,"texture":"#1"},"north":{"uv":[13.375,14.0,13.5625,14.375],"tintindex":0,"rotation":0,"texture":"#1"},"west":{"uv":[10.3125,4.875,10.6875,5.25],"tintindex":0,"rotation":0,"texture":"#1"},"up":{"uv":[1.125,14.4375,0.9375,14.0625],"tintindex":0,"rotation":0,"texture":"#1"},"down":{"uv":[1.3125,14.0625,1.125,14.4375],"tintindex":0,"rotation":0,"texture":"#1"}},"rotation":{"origin":[16.085045,7.8593426,8.298077],"angle":22.5,"axis":"z"}},{"from":[14.05352,8.362896,4.2980766],"to":[16.585045,12.47455,5.2980766],"faces":{"east":{"uv":[7.875,11.0,7.9375,11.25],"tintindex":0,"rotation":0,"texture":"#1"},"south":{"uv":[4.3125,14.125,4.5,14.375],"tintindex":0,"rotation":0,"texture":"#1"},"north":{"uv":[2.1875,14.125,2.375,14.375],"tintindex":0,"rotation":0,"texture":"#1"},"west":{"uv":[0.25,13.125,0.3125,13.375],"tintindex":0,"rotation":0,"texture":"#1"},"up":{"uv":[11.375,10.875,11.1875,10.8125],"tintindex":0,"rotation":0,"texture":"#1"},"down":{"uv":[1.1875,11.4375,1.0,11.5],"tintindex":0,"rotation":0,"texture":"#1"}},"rotation":{"origin":[16.085045,7.8593426,2.2980766],"angle":22.5,"axis":"z"}},{"from":[10.381332,5.4785824,6.2980766],"to":[12.912865,9.590237,10.298077],"faces":{"east":{"uv":[5.3125,11.9375,5.5625,12.1875],"tintindex":0,"rotation":0,"texture":"#1"},"south":{"uv":[6.5,14.125,6.6875,14.375],"tintindex":0,"rotation":0,"texture":"#1"},"north":{"uv":[6.3125,14.125,6.5,14.375],"tintindex":0,"rotation":0,"texture":"#1"},"west":{"uv":[14.0625,6.9375,14.3125,7.1875],"tintindex":0,"rotation":0,"texture":"#1"},"up":{"uv":[6.875,14.375,6.6875,14.125],"tintindex":0,"rotation":0,"texture":"#1"},"down":{"uv":[7.0625,14.125,6.875,14.375],"tintindex":0,"rotation":0,"texture":"#1"}},"rotation":{"origin":[12.412865,3.975029,8.298077],"angle":-45.0,"axis":"z"}},{"from":[-0.5090065,6.623253,1.5480766],"to":[12.39814,12.238459,3.0480766],"faces":{"east":{"uv":[11.875,7.4375,12.0,7.8125],"tintindex":0,"rotation":0,"texture":"#1"},"south":{"uv":[11.25,2.3125,12.0625,2.6875],"tintindex":0,"rotation":0,"texture":"#1"},"north":{"uv":[11.25,1.9375,12.0625,2.3125],"tintindex":0,