{"textures":{"1":"modelengine:entity/martinmech"},"elements":[{"from":[8.46521,5.5937195,12.5234375],"to":[12.372353,12.708927,14.0234375],"faces":{"east":{"uv":[11.375,14.0625,11.5,14.5],"tintindex":0,"rotation":0,"texture":"#1"},"south":{"uv":[13.375,1.75,13.625,2.1875],"tintindex":0,"rotation":0,"texture":"#1"},"north":{"uv":[1.75,13.375,2.0,13.8125],"tintindex":0,"rotation":0,"texture":"#1"},"west":{"uv":[11.5,14.0625,11.625,14.5],"tintindex":0,"rotation":0,"texture":"#1"},"up":{"uv":[14.4375,11.25,14.1875,11.125],"tintindex":0,"rotation":0,"texture":"#1"},"down":{"uv":[14.4375,11.75,14.1875,11.875],"tintindex":0,"rotation":0,"texture":"#1"}},"rotation":{"origin":[4.3723564,5.0937195,17.273438],"angle":-22.5,"axis":"z"}},{"from":[-0.030918121,2.0776405,3.7734375],"to":[1.0512276,6.692848,12.2734375],"faces":{"east":{"uv":[12.5625,5.3125,13.125,5.625],"tintindex":0,"rotation":0,"texture":"#1"},"south":{"uv":[3.875,12.375,3.9375,12.6875],"tintindex":0,"rotation":0,"texture":"#1"},"north":{"uv":[4.5,9.625,4.5625,9.9375],"tintindex":0,"rotation":0,"texture":"#1"},"west":{"uv":[12.5625,5.625,13.125,5.9375],"tintindex":0,"rotation":0,"texture":"#1"},"up":{"uv":[7.75,14.75,7.6875,14.1875],"tintindex":0,"rotation":0,"texture":"#1"},"down":{"uv":[7.8125,14.1875,7.75,14.75],"tintindex":0,"rotation":0,"texture":"#1"}}},{"from":[-1.0495872,4.0937195,5.5234375],"to":[2.46521,12.203266,10.2734375],"faces":{"east":{"uv":[10.125,12.5625,10.4375,13.0625],"tintindex":0,"rotation":0,"texture":"#1"},"south":{"uv":[11.5625,13.0,11.8125,13.5],"tintindex":0,"rotation":0,"texture":"#1"},"north":{"uv":[11.3125,13.0,11.5625,13.5],"tintindex":0,"rotation":0,"texture":"#1"},"west":{"uv":[0.0,12.625,0.3125,13.125],"tintindex":0,"rotation":0,"texture":"#1"},"up":{"uv":[13.875,14.1875,13.625,13.875],"tintindex":0,"rotation":0,"texture":"#1"},"down":{"uv":[14.125,13.875,13.875,14.1875],"tintindex":0,"rotation":0,"texture":"#1"}}},{"from":[12.46521,8.5937195,6.2734375],"to":[17.372353,14.708927,9.7734375],"faces":{"east":{"uv":[2.6875,12.125,2.9375,12.5],"tintindex":0,"rotation":0,"texture":"#1"},"south":{"uv":[11.8125,13.25,12.125,13.625],"tintindex":0,"rotation":0,"texture":"#1"},"north":{"uv":[5.625,13.25,5.9375,13.625],"tintindex":0,"rotation":0,"texture":"#1"},"west":{"uv":[5.625,13.625,5.875,14.0],"tintindex":0,"rotation":0,"texture":"#1"},"up":{"uv":[14.25,1.125,13.9375,0.875],"tintindex":0,"rotation":0,"texture":"#1"},"down":{"uv":[14.25,7.8125,13.9375,8.0625],"tintindex":0,"rotation":0,"texture":"#1"}},"rotation":{"origin":[8.372353,10.0937195,8.0234375],"angle":-22.5,"axis":"z"}},{"from":[1.0440788,2.0776405,3.7734375],"to":[2.1762276,10.192848,12.2734375],"faces":{"east":{"uv":[11.3125,6.25,11.875,6.75],"tintindex":0,"rotation":0,"texture":"#1"},"south":{"uv":[10.5,14.1875,10.5625,14.6875],"tintindex":0,"rotation":0,"texture":"#1"},"north":{"uv":[10.4375,14.1875,10.5,14.6875],"tintindex":0,"rotation":0,"texture":"#1"},"west":{"uv":[6.6875,11.3125,7.25,11.8125],"tintindex":0,"rotation":0,"texture":"#1"},"up":{"uv":[5.0625,14.75,5.0,14.1875],"tintindex":0,"rotation":0,"texture":"#1"},"down":{"uv":[7.6875,14.1875,7.625,14.75],"tintindex":0,"rotation":0,"texture":"#1"}}},{"from":[-2.0495872,4.0937195,3.5234375],"to":[-0.53479004,18.203266,12.2734375],"faces":{"east":{"uv":[8.625,0.0,9.1875,0.875],"tintindex":0,"rotation":0,"texture":"#1"},"south":{"uv":[7.125,13.0625,7.25,13.9375],"tintindex":0,"rotation":0,"texture":"#1"},"north":{"uv":[2.875,6.3125,3.0,7.1875],"tintindex":0,"rotation":0,"texture":"#1"},"west":{"uv":[8.625,0.875,9.1875,1.75],"tintindex":0,"rotation":0,"texture":"#1"},"up":{"uv":[13.25,14.5625,13.125,14.0],"tintindex":0,"rotation":0,"texture":"#1"},"down":{"uv":[13.375,14.0,13.25,14.5625],"tintindex":0,"rotation":0,"texture":"#1"}},"rotation":{"origin":[-12.53479,5.0937195,8.0234375],"angle":-22.5,"axis":"z"}},{"from":[-3.0495872,5.0937195,6.2734375],"to":[0.46520996,13.203266,9.5234375],"faces":{"east":{"uv":[2.1875,13.625,2.375,14.125],"tintindex":0,"rotation":0,"texture":"#1"},"south":{"uv":[11.0625,13.0,11.3125,13.5],"tintindex":0,"rotation":0,"texture":"#1"},"north":{"uv":[9.6875,13.0,9.9375,13.5],"tintindex":0,"rotation":0,"texture":"#1"},"west":{"uv":[4.3125,13.625,4.5,14.125],"tintindex":0,"rotation":0,"texture":"#1"},"up":{"uv":[6.3125,11.1875,6.0625,11.0],"tintindex":0,"rotation":0,"texture":"#1"},"down":{"uv":[9.625,11.375,9.375,11.5625],"tintindex":0,"rotation":0,"texture":"#1"}},"rotation":{"origin":[-12.53479,6.0937195,8.0234375],"angle":-22.5,"axis":"z"}},{"from":[-1.8309212,-0.92235947,3.0234375],"to":[15.076225,2.1928463,13.0234375],"faces":{"east":{"uv":[13.25,7.6875,13.875,7.875],"tintindex":0,"rotation":0,"texture":"#1"},"south":{"uv":[12.3125,10.1875,13.375,10.375],"tintindex":0,"rotation":0,"texture":"#1"},"north":{"uv":[12.3125,10.0,13.375,10.1875],"tintindex":0,"rotation":0,"texture":"#1"},"west":{"uv":[13.25,8.5625,13.875,8.75],"tintindex":0,"rotation":0,"texture":"#1"},"up":{"uv":[4.4375,7.625,3.375,7.0],"tintindex":0,"rotation":0,"texture":"#1"},"down":{"uv":[5.5,7.0,4.4375,7.625],"tintindex":0,"rotation":0,"texture":"#1"}}},{"from":[2.1690788,2.0776405,3.7734375],"to":[12.326225,11.192848,12.2734375],"faces":{"east":{"uv":[10.75,6.3125,11.3125,6.875],"tintindex":0,"rotation":0,"texture":"#1"},"south":{"uv":[10.25,7.5,10.875,8.0625],"tintindex":0,"rotation":0,"texture":"#1"},"north":{"uv":[10.25,6.9375,10.875,7.5],"tintindex":0,"rotation":0,"texture":"#1"},"west":{"uv":[6.8125,10.75,7.375,11.3125],"tintindex":0,"rotation":0,"texture":"#1"},"up":{"uv":[10.875,8.625,10.25,8.0625],"tintindex":0,"rotation":0,"texture":"#1"},"down":{"uv":[2.1875,10.3125,1.5625,10.875],"tintindex":0,"rotation":0,"texture":"#1"}}},{"from":[-1.0309181,2.0776405,3.7734375],"to":[-0.023773193,4.017845,12.2734375],"faces":{"east":{"uv":[14.0,1.9375,14.5625,2.0625],"tintindex":0,"rotation":0,"texture":"#1"},"south":{"uv":[9.25,5.25,9.3125,5.375],"tintindex":0,"rotation":0,"texture":"#1"},"north":{"uv":[6.3125,8.0,6.375,8.125],"tintindex":0,"rotation":0,"texture":"#1"},"west":{"uv":[14.0,2.0625,14.5625,2.1875],"tintindex":0,"rotation":0,"texture":"#1"},"up":{"uv":[7.875,14.75,7.8125,14.1875],"tintindex":0,"rotation":0,"texture":"#1"},"down":{"uv":[8.0,14.1875,7.9375,14.75],"tintindex":0,"rotation":0,"texture":"#1"}}},{"from":[2.1690788,2.0776405,11.7734375],"to":[12.326225,11.192848,14.2734375],"faces":{"east":{"uv":[13.4375,13.4375,13.625,14.0],"tintindex":0,"rotation":0,"texture":"#1"},"south":{"uv":[0.0,10.375,0.625,10.9375],"tintindex":0,"rotation":0,"texture":"#1"},"north":{"uv":[5.0,10.3125,5.625,10.875],"tintindex":0,"rotation":0,"texture":"#1"},"west":{"uv":[8.1875,13.5,8.375,14.0625],"tintindex":0,"rotation":0,"texture":"#1"},"up":{"uv":[13.875,8.9375,13.25,8.75],"tintindex":0,"rotation":0,"texture":"#1"},"down":{"uv":[13.875,8.9375,13.25,9.125],"tintindex":0,"rotation":0,"texture":"#1"}}},{"from":[8.46521,5.5937195,2.0234375],"to":[12.372353,12.708927,3.5234375],"faces":{"east":{"uv":[11.125,14.0625,11.25,14.5],"tintindex":0,"rotation":0,"texture":"#1"},"south":{"uv":[1.5,13.375,1.75,13.8125],"tintindex":0,"rotation":0,"texture":"#1"},"north":{"uv":[13.375,1.3125,13.625,1.75],"tintindex":0,"rotation":0,"texture":"#1"},"west":{"uv":[11.25,14.0625,11.375,14.5],"tintindex":0,"rotation":0,"texture":"#1"},"up":{"uv":[14.4375,10.1875,14.1875,10.0625],"tintindex":0,"rotation":0,"texture":"#1"},"down":{"uv":[14.4375,11.0,14.1875,11.125],"tintindex":0,"rotation":0,"texture":"#1"}},"rotation":{"origin":[4.3723564,5.0937195,6.7734375],"angle":-22.5,"axis":"z"}},{"from":[2.1690788,2.0776405,1.7734375],"to":[12.326225,11.192848,4.2734375],"faces":{"east":{"uv":[8.375,13.5,8.5625,14.0625],"tintindex":0,"rotation":0,"texture":"#1"},"south":{"uv":[0.625,10.375,1.25,10.9375],"tintindex":0,"rotation":0,"texture":"#1"},"north":{"uv":[10.375,0.0,11.0,0.5625],"tintindex":0,"rotation":0,"texture":"#1"},"west":{"uv":[8.8125,13.5,9.0,14.0625],"tintindex":0,"rotation":0,