{"textures":{"2":"modelengine:entity/teemo"},"elements":[{"from":[5.993262,8.009388,5.851225],"to":[9.405625,8.009388,8.038637],"faces":{"up":{"uv":[3.84375,5.53125,3.0,5.0],"tintindex":0,"rotation":0,"texture":"#2"},"down":{"uv":[5.84375,3.0,5.0,3.53125],"tintindex":0,"rotation":0,"texture":"#2"}}},{"from":[6.0011697,8.037691,3.6817484],"to":[9.413533,8.037691,5.869161],"faces":{"up":{"uv":[5.84375,4.28125,5.0,3.75],"tintindex":0,"rotation":0,"texture":"#2"},"down":{"uv":[5.84375,4.5,5.0,5.03125],"tintindex":0,"rotation":0,"texture":"#2"}},"rotation":{"origin":[7.5051136,8.174626,5.786111],"angle":-45.0,"axis":"x"}}],"display":{"gui":{"rotation":[30,225,0]}}}