{"textures":{"2":"modelengine:entity/teemo"},"elements":[{"from":[5.486405,7.138438,7.904409],"to":[7.86131,8.763373,7.9080987],"faces":{"east":{"uv":[8.25,4.75,8.28125,5.15625],"tintindex":0,"rotation":0,"texture":"#2"},"south":{"uv":[6.25,0.0,6.84375,0.40625],"tintindex":0,"rotation":0,"texture":"#2"},"north":{"uv":[6.0,5.75,6.59375,6.15625],"tintindex":0,"rotation":0,"texture":"#2"},"west":{"uv":[5.25,8.25,5.28125,8.65625],"tintindex":0,"rotation":0,"texture":"#2"},"up":{"uv":[4.59375,8.28125,4.0,8.25],"tintindex":0,"rotation":0,"texture":"#2"},"down":{"uv":[8.84375,4.0,8.25,4.03125],"tintindex":0,"rotation":0,"texture":"#2"}}},{"from":[6.829766,7.11662,7.906254],"to":[7.829726,8.741555,8.281239],"faces":{"east":{"uv":[0.75,8.25,0.84375,8.65625],"tintindex":0,"rotation":0,"texture":"#2"},"south":{"uv":[4.5,7.75,4.75,8.15625],"tintindex":0,"rotation":0,"texture":"#2"},"north":{"uv":[4.25,7.75,4.5,8.15625],"tintindex":0,"rotation":0,"texture":"#2"},"west":{"uv":[8.25,0.75,8.34375,1.15625],"tintindex":0,"rotation":0,"texture":"#2"},"up":{"uv":[8.5,3.09375,8.25,3.0],"tintindex":0,"rotation":0,"texture":"#2"},"down":{"uv":[8.5,3.25,8.25,3.34375],"tintindex":0,"rotation":0,"texture":"#2"}}}],"display":{"gui":{"rotation":[30,225,0]}}}