{"textures":{"2":"modelengine:entity/teemo"},"elements":[{"from":[8.170274,7.116619,7.906254],"to":[9.170234,8.741554,8.281239],"faces":{"east":{"uv":[8.25,0.25,8.34375,0.65625],"tintindex":0,"rotation":0,"texture":"#2"},"south":{"uv":[4.0,7.75,4.25,8.15625],"tintindex":0,"rotation":0,"texture":"#2"},"north":{"uv":[7.75,3.75,8.0,4.15625],"tintindex":0,"rotation":0,"texture":"#2"},"west":{"uv":[0.5,8.25,0.59375,8.65625],"tintindex":0,"rotation":0,"texture":"#2"},"up":{"uv":[3.0,8.34375,2.75,8.25],"tintindex":0,"rotation":0,"texture":"#2"},"down":{"uv":[8.5,2.75,8.25,2.84375],"tintindex":0,"rotation":0,"texture":"#2"}}},{"from":[7.93869,7.138438,7.904409],"to":[10.313595,8.763373,7.9080987],"faces":{"east":{"uv":[8.25,4.25,8.28125,4.65625],"tintindex":0,"rotation":0,"texture":"#2"},"south":{"uv":[6.0,5.25,6.59375,5.65625],"tintindex":0,"rotation":0,"texture":"#2"},"north":{"uv":[5.0,6.0,5.59375,6.40625],"tintindex":0,"rotation":0,"texture":"#2"},"west":{"uv":[4.75,8.25,4.78125,8.65625],"tintindex":0,"rotation":0,"texture":"#2"},"up":{"uv":[8.84375,3.53125,8.25,3.5],"tintindex":0,"rotation":0,"texture":"#2"},"down":{"uv":[8.84375,3.75,8.25,3.78125],"tintindex":0,"rotation":0,"texture":"#2"}}}],"display":{"gui":{"rotation":[30,225,0]}}}