{"textures":{"18":"modelengine:entity/texturetexturehalo2"},"elements":[{"from":[1.9166665,15.201347,9.166533],"to":[14.583334,31.108707,9.166533],"faces":{"south":{"uv":[9.5,0.0,4.75,6.0],"tintindex":0,"rotation":180,"texture":"#18"},"north":{"uv":[4.75,0.0,0.0,6.0],"tintindex":0,"rotation":180,"texture":"#18"}},"rotation":{"origin":[7.5833335,23.821693,7.4998665],"angle":-45.0,"axis":"x"}}],"display":{"gui":{"rotation":[30,225,0]}}}