{"textures":{"0":"modelengine:entity/bfb"},"elements":[{"name":"cube","from":[-13.000002,-13.000003,6.285714],"to":[25.571428,25.571426,20.0],"rotation":{"angle":0.0,"axis":"x","origin":[6.285713,6.2857113,13.142857]},"faces":{"down":{"uv":[12.625,6.8125,9.8125,7.8125],"rotation":0,"texture":"#0","tintindex":0},"east":{"uv":[2.0,9.0,3.0,11.8125],"rotation":0,"texture":"#0","tintindex":0},"north":{"uv":[7.0,3.0,9.8125,5.8125],"rotation":0,"texture":"#0","tintindex":0},"south":{"uv":[7.0,5.8125,9.8125,8.625],"rotation":0,"texture":"#0","tintindex":0},"up":{"uv":[12.625,6.8125,9.8125,5.8125],"rotation":0,"texture":"#0","tintindex":0},"west":{"uv":[9.8125,3.0,10.8125,5.8125],"rotation":0,"texture":"#0","tintindex":0}}},{"name":"cube","from":[-19.428574,4.1428547,18.285715],"to":[33.714287,10.2653055,38.0],"rotation":{"angle":0.0,"axis":"x","origin":[8.0,8.285713,62.0]},"faces":{"down":{"uv":[11.75,9.625,8.0,10.625],"rotation":0,"texture":"#0","tintindex":0},"east":{"uv":[3.0,7.5,4.0,7.8125],"rotation":0,"texture":"#0","tintindex":0},"north":{"uv":[9.8125,8.3125,13.5625,8.625],"rotation":0,"texture":"#0","tintindex":0},"south":{"uv":[10.8125,3.5,14.5625,3.8125],"rotation":0,"texture":"#0","tintindex":0},"up":{"uv":[11.75,9.625,8.0,8.625],"rotation":0,"texture":"#0","tintindex":0},"west":{"uv":[5.5,8.0,6.5,8.3125],"rotation":0,"texture":"#0","tintindex":0}}},{"name":"cube","from":[4.1428556,-19.428574,18.285715],"to":[10.142857,33.836735,38.0],"rotation":{"angle":0.0,"axis":"x","origin":[8.0,8.285713,62.0]},"faces":{"down":{"uv":[11.8125,0.0,11.5,1.0],"rotation":0,"texture":"#0","tintindex":0},"east":{"uv":[0.0,9.0,1.0,12.75],"rotation":0,"texture":"#0","tintindex":0},"north":{"uv":[11.0,10.625,11.3125,14.375],"rotation":0,"texture":"#0","tintindex":0},"south":{"uv":[5.5,11.125,5.8125,14.875],"rotation":0,"texture":"#0","tintindex":0},"up":{"uv":[11.625,11.625,11.3125,10.625],"rotation":0,"texture":"#0","tintindex":0},"west":{"uv":[1.0,9.0,2.0,12.75],"rotation":0,"texture":"#0","tintindex":0}}}],"display":{"head":{"translation":[6.400004,0.45714998,22.4],"rotation":[0.0,0.0,0.0],"scale":[3.7333333,3.7333333,3.7333333]}}}