{"textures":{"0":"modelengine:entity/bfb"},"elements":[{"name":"cube","from":[-36.57143,0.8367338,7.5714283],"to":[-12.571428,14.55102,28.142857],"rotation":{"angle":0.0,"axis":"x","origin":[-56.0,7.285713,31.0]},"faces":{"down":{"uv":[4.0,10.5,3.0,12.0],"rotation":0,"texture":"#0","tintindex":0},"east":{"uv":[10.0,0.0,11.5,1.0],"rotation":0,"texture":"#0","tintindex":0},"north":{"uv":[10.8125,3.8125,11.8125,4.8125],"rotation":0,"texture":"#0","tintindex":0},"south":{"uv":[10.8125,4.8125,11.8125,5.8125],"rotation":0,"texture":"#0","tintindex":0},"up":{"uv":[4.0,7.5,3.0,6.0],"rotation":0,"texture":"#0","tintindex":0},"west":{"uv":[10.0,1.0,11.5,2.0],"rotation":0,"texture":"#0","tintindex":0}}},{"name":"cube","from":[18.285713,0.8367338,7.5714283],"to":[31.999998,14.55102,28.142857],"rotation":{"angle":0.0,"axis":"x","origin":[25.142859,7.6938767,17.857143]},"faces":{"down":{"uv":[10.0,10.625,9.0,12.125],"rotation":0,"texture":"#0","tintindex":0},"east":{"uv":[10.0,2.0,11.5,3.0],"rotation":0,"texture":"#0","tintindex":0},"north":{"uv":[5.8125,11.125,6.8125,12.125],"rotation":0,"texture":"#0","tintindex":0},"south":{"uv":[6.8125,11.125,7.8125,12.125],"rotation":0,"texture":"#0","tintindex":0},"up":{"uv":[9.0,12.125,8.0,10.625],"rotation":0,"texture":"#0","tintindex":0},"west":{"uv":[4.0,10.5,5.5,11.5],"rotation":0,"texture":"#0","tintindex":0}}}],"display":{"head":{"translation":[38.4,-6.4,0.0],"rotation":[0.0,0.0,0.0],"scale":[3.7333333,3.7333333,3.7333333]}}}