{"textures":{"0":"modelengine:entity/bfb"},"elements":[{"name":"cube","from":[-11.285715,-11.163266,-1.0000005],"to":[27.285715,27.408163,12.714286],"rotation":{"angle":0.0,"axis":"x","origin":[8.0,8.122448,19.142857]},"faces":{"down":{"uv":[12.625,6.8125,9.8125,7.8125],"rotation":0,"texture":"#0","tintindex":0},"east":{"uv":[2.0,9.0,3.0,11.8125],"rotation":0,"texture":"#0","tintindex":0},"north":{"uv":[7.0,3.0,9.8125,5.8125],"rotation":0,"texture":"#0","tintindex":0},"south":{"uv":[7.0,5.8125,9.8125,8.625],"rotation":0,"texture":"#0","tintindex":0},"up":{"uv":[12.625,6.8125,9.8125,5.8125],"rotation":0,"texture":"#0","tintindex":0},"west":{"uv":[9.8125,3.0,10.8125,5.8125],"rotation":0,"texture":"#0","tintindex":0}}}],"display":{"head":{"translation":[0.0,-6.4,0.0],"rotation":[0.0,0.0,0.0],"scale":[3.7333333,3.7333333,3.7333333]}}}