{"textures":{"0":"modelengine:entity/bfb"},"elements":[{"name":"cube","from":[5.8571424,-19.428574,11.0],"to":[10.142857,33.836735,24.714285],"rotation":{"angle":0.0,"axis":"x","origin":[8.0,8.285713,62.0]},"faces":{"down":{"uv":[11.8125,0.0,11.5,1.0],"rotation":0,"texture":"#0","tintindex":0},"east":{"uv":[0.0,9.0,1.0,12.75],"rotation":0,"texture":"#0","tintindex":0},"north":{"uv":[11.0,10.625,11.3125,14.375],"rotation":0,"texture":"#0","tintindex":0},"south":{"uv":[5.5,11.125,5.8125,14.875],"rotation":0,"texture":"#0","tintindex":0},"up":{"uv":[11.625,11.625,11.3125,10.625],"rotation":0,"texture":"#0","tintindex":0},"west":{"uv":[1.0,9.0,2.0,12.75],"rotation":0,"texture":"#0","tintindex":0}}}],"display":{"head":{"translation":[0.0,0.45714998,0.0],"rotation":[0.0,0.0,0.0],"scale":[3.7333333,3.7333333,3.7333333]}}}