{"textures":{"0":"modelengine:entity/rockgolem"},"elements":[{"from":[-2.0,8.333334,2.8333335],"to":[18.0,12.333334,13.833334],"faces":{"east":{"uv":[7.9375,3.8125,8.625,4.0625],"tintindex":0,"rotation":0,"texture":"#0"},"south":{"uv":[7.0,0.4375,8.25,0.6875],"tintindex":0,"rotation":0,"texture":"#0"},"north":{"uv":[6.4375,6.9375,7.6875,7.1875],"tintindex":0,"rotation":0,"texture":"#0"},"west":{"uv":[7.9375,4.0625,8.625,4.3125],"tintindex":0,"rotation":0,"texture":"#0"},"up":{"uv":[6.0,0.6875,4.75,0.0],"tintindex":0,"rotation":0,"texture":"#0"},"down":{"uv":[6.3125,3.1875,5.0625,3.875],"tintindex":0,"rotation":0,"texture":"#0"}}},{"from":[4.0,5.333334,6.8333335],"to":[12.0,8.333334,13.833334],"faces":{"east":{"uv":[2.5,4.5625,2.9375,4.75],"tintindex":0,"rotation":0,"texture":"#0"},"south":{"uv":[8.0,3.375,8.5,3.5625],"tintindex":0,"rotation":0,"texture":"#0"},"north":{"uv":[6.1875,5.5,6.6875,5.6875],"tintindex":0,"rotation":0,"texture":"#0"},"west":{"uv":[6.0,2.5,6.4375,2.6875],"tintindex":0,"rotation":0,"texture":"#0"},"up":{"uv":[3.25,8.125,2.75,7.6875],"tintindex":0,"rotation":0,"texture":"#0"},"down":{"uv":[1.5625,7.75,1.0625,8.1875],"tintindex":0,"rotation":0,"texture":"#0"}}},{"from":[-2.0,12.333334,1.8333335],"to":[18.0,19.333334,14.833334],"faces":{"east":{"uv":[0.5625,6.75,1.375,7.1875],"tintindex":0,"rotation":0,"texture":"#0"},"south":{"uv":[6.0,0.0,7.25,0.4375],"tintindex":0,"rotation":0,"texture":"#0"},"north":{"uv":[5.1875,2.6875,6.4375,3.125],"tintindex":0,"rotation":0,"texture":"#0"},"west":{"uv":[1.375,6.75,2.1875,7.1875],"tintindex":0,"rotation":0,"texture":"#0"},"up":{"uv":[2.5625,4.5625,1.3125,3.75],"tintindex":0,"rotation":0,"texture":"#0"},"down":{"uv":[5.0625,3.4375,3.8125,4.25],"tintindex":0,"rotation":0,"texture":"#0"}}}],"display":{"gui":{"rotation":[30,225,0]}}}