{"textures":{"0":"modelengine:entity/rockgolem"},"elements":[{"from":[2.0,7.139635,4.7712717],"to":[14.0,9.139635,12.271272],"faces":{"east":{"uv":[3.25,2.25,4.1875,2.5],"tintindex":0,"rotation":0,"texture":"#0"},"south":{"uv":[5.3125,6.6875,6.8125,6.9375],"tintindex":0,"rotation":0,"texture":"#0"},"north":{"uv":[6.5625,2.25,8.0625,2.5],"tintindex":0,"rotation":0,"texture":"#0"},"west":{"uv":[7.5,3.5625,8.4375,3.8125],"tintindex":0,"rotation":0,"texture":"#0"},"up":{"uv":[4.4375,3.4375,2.9375,2.5],"tintindex":0,"rotation":0,"texture":"#0"},"down":{"uv":[4.75,0.0,3.25,0.9375],"tintindex":0,"rotation":0,"texture":"#0"}}},{"from":[4.5,19.639635,2.7712717],"to":[11.5,21.639635,13.271272],"faces":{"east":{"uv":[6.8125,6.0625,8.125,6.3125],"tintindex":0,"rotation":0,"texture":"#0"},"south":{"uv":[7.75,0.6875,8.625,0.9375],"tintindex":0,"rotation":0,"texture":"#0"},"north":{"uv":[7.6875,6.9375,8.5625,7.1875],"tintindex":0,"rotation":0,"texture":"#0"},"west":{"uv":[6.8125,6.6875,8.125,6.9375],"tintindex":0,"rotation":0,"texture":"#0"},"up":{"uv":[4.125,2.25,3.25,0.9375],"tintindex":0,"rotation":0,"texture":"#0"},"down":{"uv":[3.8125,3.4375,2.9375,4.75],"tintindex":0,"rotation":0,"texture":"#0"}}},{"from":[1.5,9.139635,2.7712717],"to":[14.5,19.139635,13.271272],"faces":{"east":{"uv":[1.625,2.5,2.9375,3.75],"tintindex":0,"rotation":0,"texture":"#0"},"south":{"uv":[1.625,1.25,3.25,2.5],"tintindex":0,"rotation":0,"texture":"#0"},"north":{"uv":[1.625,0.0,3.25,1.25],"tintindex":0,"rotation":0,"texture":"#0"},"west":{"uv":[0.0,2.625,1.3125,3.875],"tintindex":0,"rotation":0,"texture":"#0"},"up":{"uv":[1.625,1.3125,0.0,0.0],"tintindex":0,"rotation":0,"texture":"#0"},"down":{"uv":[1.625,1.3125,0.0,2.625],"tintindex":0,"rotation":0,"texture":"#0"}}},{"from":[5.0,19.139635,3.2712717],"to":[11.0,19.639635,13.271272],"faces":{"east":{"uv":[7.9375,4.5,9.1875,4.5625],"tintindex":0,"rotation":0,"texture":"#0"},"south":{"uv":[7.3125,6.0,8.0625,6.0625],"tintindex":0,"rotation":0,"texture":"#0"},"north":{"uv":[5.1875,3.125,5.9375,3.1875],"tintindex":0,"rotation":0,"texture":"#0"},"west":{"uv":[7.9375,4.5625,9.1875,4.625],"tintindex":0,"rotation":0,"texture":"#0"},"up":{"uv":[4.5625,5.5,3.8125,4.25],"tintindex":0,"rotation":0,"texture":"#0"},"down":{"uv":[5.1875,1.9375,4.4375,3.1875],"tintindex":0,"rotation":0,"texture":"#0"}}}],"display":{"gui":{"rotation":[30,225,0]}}}