{"textures":{"0":"modelengine:entity/martinmodel"},"elements":[{"from":[21.416668,8.111397,4.998767],"to":[24.583334,10.8268795,6.116618],"faces":{"east":{"uv":[0.0,0.0,1.6767766,4.073223],"tintindex":0,"rotation":0,"texture":"#0"},"south":{"uv":[0.0,0.0,4.75,4.073223],"tintindex":0,"rotation":0,"texture":"#0"},"north":{"uv":[0.0,0.0,4.75,4.073223],"tintindex":0,"rotation":0,"texture":"#0"},"west":{"uv":[0.0,0.0,1.6767766,4.073223],"tintindex":0,"rotation":0,"texture":"#0"},"up":{"uv":[0.0,0.0,4.75,1.6767766],"tintindex":0,"rotation":0,"texture":"#0"},"down":{"uv":[0.0,0.0,4.75,1.6767766],"tintindex":0,"rotation":0,"texture":"#0"}},"rotation":{"origin":[23.0,8.94473,5.449951],"angle":-22.5,"axis":"x"}},{"from":[21.333334,8.663189,5.205772],"to":[24.666668,12.666667,10.666667],"faces":{"east":{"uv":[0.0,0.0,8.0,6.005217],"tintindex":0,"rotation":0,"texture":"#0"},"south":{"uv":[0.0,0.0,5.0,6.005217],"tintindex":0,"rotation":0,"texture":"#0"},"north":{"uv":[0.0,0.0,5.0,6.005217],"tintindex":0,"rotation":0,"texture":"#0"},"west":{"uv":[0.0,0.0,8.0,6.005217],"tintindex":0,"rotation":0,"texture":"#0"},"up":{"uv":[0.0,0.0,5.0,8.0],"tintindex":0,"rotation":0,"texture":"#0"},"down":{"uv":[0.0,0.0,5.0,8.0],"tintindex":0,"rotation":0,"texture":"#0"}}},{"from":[21.333334,8.329856,5.3724384],"to":[24.666668,8.666667,10.5],"faces":{"east":{"uv":[0.0,0.0,7.691342,0.50521696],"tintindex":0,"rotation":0,"texture":"#0"},"south":{"uv":[0.0,0.0,5.0,0.50521696],"tintindex":0,"rotation":0,"texture":"#0"},"north":{"uv":[0.0,0.0,5.0,0.50521696],"tintindex":0,"rotation":0,"texture":"#0"},"west":{"uv":[0.0,0.0,7.691342,0.50521696],"tintindex":0,"rotation":0,"texture":"#0"},"up":{"uv":[0.0,0.0,5.0,7.691342],"tintindex":0,"rotation":0,"texture":"#0"},"down":{"uv":[0.0,0.0,5.0,7.691342],"tintindex":0,"rotation":0,"texture":"#0"}}},{"from":[21.054691,8.329856,6.872439],"to":[21.304691,13.0,9.0],"faces":{"east":{"uv":[3.1913416,0.0,6.3826833,7.005217],"tintindex":0,"rotation":0,"texture":"#0"},"south":{"uv":[0.375,0.0,0.75,7.005217],"tintindex":0,"rotation":0,"texture":"#0"},"north":{"uv":[0.375,0.0,0.75,7.005217],"tintindex":0,"rotation":0,"texture":"#0"},"west":{"uv":[3.1913416,0.0,6.3826833,7.005217],"tintindex":0,"rotation":0,"texture":"#0"},"up":{"uv":[0.375,0.0,0.75,3.1913416],"tintindex":0,"rotation":0,"texture":"#0"},"down":{"uv":[0.375,0.0,0.75,3.1913416],"tintindex":0,"rotation":0,"texture":"#0"}},"rotation":{"origin":[21.179691,10.6649275,7.936219],"angle":-45.0,"axis":"x"}},{"from":[21.416668,11.1995,4.1845894],"to":[24.583334,13.532835,5.5179224],"faces":{"east":{"uv":[0.0,0.0,2.0,3.5],"tintindex":0,"rotation":0,"texture":"#0"},"south":{"uv":[0.0,0.0,4.75,3.5],"tintindex":0,"rotation":0,"texture":"#0"},"north":{"uv":[0.0,0.0,4.75,3.5],"tintindex":0,"rotation":0,"texture":"#0"},"west":{"uv":[0.0,0.0,2.0,3.5],"tintindex":0,"rotation":0,"texture":"#0"},"up":{"uv":[0.0,0.0,4.75,2.0],"tintindex":0,"rotation":0,"texture":"#0"},"down":{"uv":[0.0,0.0,4.75,2.0],"tintindex":0,"rotation":0,"texture":"#0"}},"rotation":{"origin":[22.0,10.532833,2.5179224],"angle":22.5,"axis":"x"}},{"from":[21.666668,12.663188,5.872439],"to":[24.333334,13.0,10.0],"faces":{"east":{"uv":[0.0,0.0,6.191342,0.50521696],"tintindex":0,"rotation":0,"texture":"#0"},"south":{"uv":[0.0,0.0,4.0,0.50521696],"tintindex":0,"rotation":0,"texture":"#0"},"north":{"uv":[0.0,0.0,4.0,0.50521696],"tintindex":0,"rotation":0,"texture":"#0"},"west":{"uv":[0.0,0.0,6.191342,0.50521696],"tintindex":0,"rotation":0,"texture":"#0"},"up":{"uv":[0.0,0.0,4.0,6.191342],"tintindex":0,"rotation":0,"texture":"#0"},"down":{"uv":[0.0,0.0,4.0,6.191342],"tintindex":0,"rotation":0,"texture":"#0"}}},{"from":[21.416668,11.1995,10.354517],"to":[24.583334,13.532835,11.68785],"faces":{"east":{"uv":[2.0,0.0,4.0,3.5],"tintindex":0,"rotation":0,"texture":"#0"},"south":{"uv":[3.25,0.0,8.0,3.5],"tintindex":0,"rotation":0,"texture":"#0"},"north":{"uv":[3.25,0.0,8.0,3.5],"tintindex":0,"rotation":0,"texture":"#0"},"west":{"uv":[2.0,0.0,4.0,3.5],"tintindex":0,"rotation":0,"texture":"#0"},"up":{"uv":[0.0,2.0,4.75,4.0],"tintindex":0,"rotation":0,"texture":"#0"},"down":{"uv":[0.0,2.0,4.75,4.0],"tintindex":0,"rotation":0,"texture":"#0"}},"rotation":{"origin":[22.083334,10.532833,13.354517],"angle":-22.5,"axis":"x"}},{"from":[24.666668,9.663189,6.2057724],"to":[25.0,11.666667,9.666667],"faces":{"east":{"uv":[0.0,0.0,5.191342,3.005217],"tintindex":0,"rotation":0,"texture":"#0"},"south":{"uv":[0.0,0.0,0.5,3.005217],"tintindex":0,"rotation":0,"texture":"#0"},"north":{"uv":[0.0,0.0,0.5,3.005217],"tintindex":0,"rotation":0,"texture":"#0"},"west":{"uv":[0.0,0.0,5.191342,3.005217],"tintindex":0,"rotation":0,"texture":"#0"},"up":{"uv":[0.0,0.0,0.5,5.191342],"tintindex":0,"rotation":0,"texture":"#0"},"down":{"uv":[0.0,0.0,0.5,5.191342],"tintindex":0,"rotation":0,"texture":"#0"}}},{"from":[21.416668,8.111397,9.75582],"to":[24.583334,10.8268795,10.8736725],"faces":{"east":{"uv":[1.6767766,0.0,3.3535533,4.073223],"tintindex":0,"rotation":0,"texture":"#0"},"south":{"uv":[3.25,0.0,8.0,4.073223],"tintindex":0,"rotation":0,"texture":"#0"},"north":{"uv":[3.25,0.0,8.0,4.073223],"tintindex":0,"rotation":0,"texture":"#0"},"west":{"uv":[1.6767766,0.0,3.3535533,4.073223],"tintindex":0,"rotation":0,"texture":"#0"},"up":{"uv":[0.0,1.6767766,4.75,3.3535533],"tintindex":0,"rotation":0,"texture":"#0"},"down":{"uv":[0.0,1.6767766,4.75,3.3535533],"tintindex":0,"rotation":0,"texture":"#0"}},"rotation":{"origin":[23.083334,8.94473,10.422487],"angle":22.5,"axis":"x"}},{"from":[20.971357,9.663189,6.2057724],"to":[21.304691,11.666667,9.666667],"faces":{"east":{"uv":[2.8086584,0.0,8.0,3.005217],"tintindex":0,"rotation":0,"texture":"#0"},"south":{"uv":[0.5,0.0,1.0,3.005217],"tintindex":0,"rotation":0,"texture":"#0"},"north":{"uv":[0.5,0.0,1.0,3.005217],"tintindex":0,"rotation":0,"texture":"#0"},"west":{"uv":[2.8086584,0.0,8.0,3.005217],"tintindex":0,"rotation":0,"texture":"#0"},"up":{"uv":[0.5,0.0,1.0,5.191342],"tintindex":0,"rotation":0,"texture":"#0"},"down":{"uv":[0.5,0.0,1.0,5.191342],"tintindex":0,"rotation":0,"texture":"#0"}}},{"from":[22.333334,5.663189,6.872439],"to":[23.666668,7.6666665,9.0],"faces":{"east":{"uv":[4.0,0.0,7.0,3.0],"tintindex":0,"rotation":0,"texture":"#0"},"south":{"uv":[6.0,6.0,8.0,9.0],"tintindex":0,"rotation":0,"texture":"#0"},"north":{"uv":[4.0,6.0,6.0,9.0],"tintindex":0,"rotation":0,"texture":"#0"},"west":{"uv":[4.0,3.0,7.0,6.0],"tintindex":0,"rotation":0,"texture":"#0"},"up":{"uv":[9.0,3.0,7.0,0.0],"tintindex":0,"rotation":0,"texture":"#0"},"down":{"uv":[9.0,3.0,7.0,6.0],"tintindex":0,"rotation":0,"texture":"#0"}},"rotation":{"origin":[23.0,6.9982605,7.936219],"angle":45.0,"axis":"y"}},{"from":[21.333334,7.9965224,5.3724384],"to":[24.666668,8.333333,10.5],"faces":{"east":{"uv":[0.0,0.0,7.691342,0.50521696],"tintindex":0,"rotation":0,"texture":"#0"},"south":{"uv":[0.0,0.0,5.0,0.50521696],"tintindex":0,"rotation":0,"texture":"#0"},"north":{"uv":[0.0,0.0,5.0,0.50521696],"tintindex":0,"rotation":0,"texture":"#0"},"west":{"uv":[0.0,0.0,7.691342,0.50521696],"tintindex":0,"rotation":0,"texture":"#0"},"up":{"uv":[0.0,0.0,5.0,7.691342],"tintindex":0,"rotation":0,"texture":"#0"},"down":{"uv":[0.0,0.0,5.0,7.691342],"tintindex":0,"rotation":0,"texture":"#0"}}},{"from":[22.333334,5.663189,6.5391054],"to":[23.666668,7.6666665,9.333333],"faces":{"east":{"uv":[0.0,0.0,4.0,3.0],"tintindex":0,"rotation":0,"texture":"#0"},"south":{"uv":[9.0,0.0,11.0,3.0],"tintindex":0,"rotation":0,"texture":"#0"},"north":{"uv":[8.0,6.0,10.0,9.0],"tintindex":0,"rotation":0,"texture":"#0"},"west":{"uv":[0.0,3.0,4.0,6.0],"tintindex":0,"rotation":0,"texture":"#0"},"up":{"uv":[2.0,10.0,0.0,6.0],"tintindex":0,"rotation":0,"texture":"#0"},"down":{"uv":[4.0,6.0,2.0,10.0],"tintindex":0,"rotation":0,"texture":"#0"}}},{"from":[24.666668,8.329856,6.872439],"to":[24.916668,13.0,9.0],"faces":{"east":{"uv":[0.0,0.0,3.1913416,7.005217],"tintindex":0,"rotation":0,"texture":"#0"},